mes,dia_semana,dia_mes,dia_ano,trimestre,fim_semana,mes_sin,mes_cos,semana_sin,semana_cos,preco_unitario,cliente_vendas_previas,cliente_media_qtd_previa,cliente_dias_desde_ultima,produto_vendas_previas,produto_media_qtd_previa,municipio_vendas_previas,global_media_qtd_previa,produto_id_P01,produto_id_P02,produto_id_P03,produto_id_P04,produto_id_P05,produto_id_P06,categoria_atacado,categoria_complementos,categoria_congelados,categoria_pronto para consumo,segmento_atacado,segmento_restaurante,segmento_varejo,municipio_Belém,municipio_Macapá,municipio_Manaus,municipio_Santana,municipio_Santarém,uf_AM,uf_AP,uf_PA,regiao_imediata_Belém,regiao_imediata_Macapá,regiao_imediata_Manaus,regiao_imediata_Santarém
-1.6107009145555085,-0.48379019539137286,-1.5587567998296814,-1.7600984076756994,-1.2652565919382417,-0.5676462121975469,0.5798746828052749,1.7968266456540014,1.2668582826259769,-0.2711709265841529,-1.1698527758379913,-1.3215681504979144,-1.8852678920505124,2.528770581853971,-1.6829913462963073,-2.594632859097194,-1.6804909888430328,-4.326187819353534,0.0,1.0,0.0,0.0,0.0,0.0,0.0,0.0,1.0,0.0,0.0,1.0,0.0,0.0,1.0,0.0,0.0,0.0,0.0,1.0,0.0,0.0,1.0,0.0,0.0
-1.6107009145555085,0.037214630414721096,-1.4437586230288555,-1.748134694898798,-1.2652565919382417,-0.5676462121975469,0.5798746828052749,1.7968266456540014,0.499253500620652,-1.2350201879770537,-0.819126048321546,-0.9848088145037992,-3.021709064887497,-0.6408867749932371,-1.6829913462963073,-3.409666638539037,-1.6804909888430328,-5.743104944511558,1.0,0.0,0.0,0.0,0.0,0.0,0.0,0.0,1.0,0.0,0.0,1.0,0.0,1.0,0.0,0.0,0.0,0.0,0.0,0.0,1.0,1.0,0.0,0.0,0.0
-1.6107009145555085,0.037214630414721096,-1.4437586230288555,-1.748134694898798,-1.2652565919382417,-0.5676462121975469,0.5798746828052749,1.7968266456540014,0.499253500620652,-1.2350201879770537,-1.1698527758379913,-1.3215681504979144,-2.5051448954161404,2.528770581853971,-1.6829913462963073,-3.409666638539037,-1.6804909888430328,-5.743104944511558,0.0,0.0,1.0,0.0,0.0,0.0,1.0,0.0,0.0,0.0,0.0,1.0,0.0,1.0,0.0,0.0,0.0,0.0,0.0,0.0,1.0,1.0,0.0,0.0,0.0
-1.6107009145555085,0.558219456220815,-1.3287604462280298,-1.7361709821218965,-1.2652565919382417,-0.5676462121975469,0.5798746828052749,1.7968266456540014,-0.7318889811279818,-1.2350201879770537,-0.4848396361574339,-1.3215681504979144,-2.660114146257547,2.528770581853971,-1.6829913462963073,-3.6134250833994974,-1.6804909888430328,-6.097334225801063,0.0,0.0,0.0,0.0,1.0,0.0,0.0,1.0,0.0,0.0,0.0,1.0,0.0,0.0,0.0,0.0,0.0,1.0,0.0,0.0,1.0,0.0,0.0,0.0,1.0
-1.6107009145555085,0.558219456220815,-1.3287604462280298,-1.7361709821218965,-1.2652565919382417,-0.5676462121975469,0.5798746828052749,1.7968266456540014,-0.7318889811279818,-1.2350201879770537,-0.819126048321546,-1.3215681504979144,-2.660114146257547,2.528770581853971,-1.6402133316203291,-4.258660158790956,-1.6804909888430328,-6.097334225801063,1.0,0.0,0.0,0.0,0.0,0.0,0.0,0.0,1.0,0.0,1.0,0.0,0.0,0.0,0.0,0.0,0.0,1.0,0.0,0.0,1.0,0.0,0.0,0.0,1.0
-1.6107009145555085,0.558219456220815,-1.3287604462280298,-1.7361709821218965,-1.2652565919382417,-0.5676462121975469,0.5798746828052749,1.7968266456540014,-0.7318889811279818,-1.2350201879770537,0.6385819129186802,-1.3215681504979144,-2.660114146257547,2.528770581853971,-1.6402133316203291,-3.1719484528685,-1.6804909888430328,-6.097334225801063,0.0,0.0,1.0,0.0,0.0,0.0,1.0,0.0,0.0,0.0,1.0,0.0,0.0,0.0,0.0,0.0,1.0,0.0,0.0,1.0,0.0,0.0,1.0,0.0,0.0
-1.6107009145555085,1.079224282026909,-1.2137622694272039,-1.724207269344995,-1.2652565919382417,1.7616606585441108,0.5798746828052749,1.7968266456540014,-1.4994937631333074,-0.27117092658415326,-0.4848396361574339,-1.3215681504979144,-1.8852678920505124,2.528770581853971,-1.6829913462963073,-2.594632859097194,-1.6450495306822315,-4.326187819353534,0.0,0.0,0.0,0.0,0.0,1.0,0.0,0.0,0.0,1.0,1.0,0.0,0.0,0.0,0.0,0.0,1.0,0.0,0.0,1.0,0.0,0.0,1.0,0.0,0.0
-1.6107009145555085,1.079224282026909,-1.2137622694272039,-1.724207269344995,-1.2652565919382417,1.7616606585441108,0.5798746828052749,1.7968266456540014,-1.4994937631333074,-0.27117092658415326,-0.4848396361574339,-1.3215681504979144,-1.8852678920505124,2.528770581853971,-1.6829913462963073,-2.594632859097194,-1.6450495306822315,-4.326187819353534,0.0,0.0,0.0,1.0,0.0,0.0,0.0,0.0,1.0,0.0,0.0,1.0,0.0,0.0,1.0,0.0,0.0,0.0,0.0,1.0,0.0,0.0,1.0,0.0,0.0
-1.6107009145555085,-1.5257998470035607,-0.9837659158255522,-1.7002798437911921,-1.2652565919382417,-0.5676462121975469,0.5798746828052749,1.7968266456540014,-0.11631774025366513,1.465625429147336,-0.819126048321546,-1.3215681504979144,-2.362096356177919,2.528770581853971,-1.6402133316203291,-1.2153449246571533,-1.6096080725214303,-5.416124069475091,0.0,0.0,0.0,0.0,1.0,0.0,0.0,1.0,0.0,0.0,0.0,0.0,1.0,0.0,0.0,0.0,1.0,0.0,0.0,1.0,0.0,0.0,1.0,0.0,0.0
-1.6107009145555085,-1.5257998470035607,-0.9837659158255522,-1.7002798437911921,-1.2652565919382417,-0.5676462121975469,0.5798746828052749,1.7968266456540014,-0.11631774025366513,1.465625429147336,0.6385819129186802,-1.3215681504979144,-2.362096356177919,2.528770581853971,-1.6402133316203291,-1.2153449246571533,-1.6096080725214303,-5.416124069475091,0.0,0.0,0.0,0.0,1.0,0.0,0.0,1.0,0.0,0.0,1.0,0.0,0.0,0.0,1.0,0.0,0.0,0.0,0.0,1.0,0.0,0.0,1.0,0.0,0.0
-1.6107009145555085,-1.0047950211974668,-0.8687677390247264,-1.6883161310142907,-1.2652565919382417,-0.5676462121975469,0.5798746828052749,1.7968266456540014,0.9929033077539762,0.9307294434309397,-0.07931185746654404,-0.9848088145037992,-2.5051448954161404,-0.6147632253488919,-1.6402133316203291,-3.137988712058422,-1.574166614360629,-4.892954669416744,0.0,0.0,0.0,1.0,0.0,0.0,0.0,0.0,1.0,0.0,1.0,0.0,0.0,0.0,0.0,0.0,1.0,0.0,0.0,1.0,0.0,0.0,1.0,0.0,0.0
-1.6107009145555085,-1.0047950211974668,-0.8687677390247264,-1.6883161310142907,-1.2652565919382417,-0.5676462121975469,0.5798746828052749,1.7968266456540014,0.9929033077539762,0.9307294434309397,-0.07931185746654404,-1.3215681504979144,-2.133218693396764,2.528770581853971,-1.5974353169443511,-3.526100035602157,-1.574166614360629,-4.892954669416744,1.0,0.0,0.0,0.0,0.0,0.0,0.0,0.0,1.0,0.0,0.0,1.0,0.0,0.0,0.0,0.0,1.0,0.0,0.0,1.0,0.0,0.0,1.0,0.0,0.0
-1.6107009145555085,-0.48379019539137286,-0.7537695622239005,-1.6763524182373892,-1.2652565919382417,-0.5676462121975469,0.5798746828052749,1.7968266456540014,1.2668582826259769,-0.2711709265841529,-1.1698527758379913,-1.3215681504979144,-1.520634360658967,2.528770581853971,-1.5974353169443511,-2.019314897138247,-1.6096080725214303,-3.492707157495874,0.0,0.0,0.0,1.0,0.0,0.0,0.0,0.0,1.0,0.0,1.0,0.0,0.0,0.0,0.0,0.0,0.0,1.0,0.0,0.0,1.0,0.0,0.0,0.0,1.0
-1.6107009145555085,0.558219456220815,-0.5237732086222487,-1.6524249926835861,-1.2652565919382417,-0.5676462121975469,0.5798746828052749,1.7968266456540014,-0.7318889811279818,-1.2350201879770537,0.6385819129186802,-0.648049478509684,-2.45594830784744,-0.5799318258230984,-1.6402133316203291,-2.9266836581290554,-1.574166614360629,-2.7518354580668425,0.0,0.0,0.0,0.0,0.0,1.0,0.0,0.0,0.0,1.0,0.0,1.0,0.0,0.0,1.0,0.0,0.0,0.0,0.0,1.0,0.0,0.0,1.0,0.0,0.0
-1.6107009145555085,1.079224282026909,-0.40877503182142294,-1.6404612799066847,-1.2652565919382417,1.7616606585441108,0.5798746828052749,1.7968266456540014,-1.4994937631333074,-0.27117092658415326,-0.819126048321546,-1.3215681504979144,-0.9065147288416262,2.528770581853971,-1.6402133316203291,-2.3372537708524015,-1.5387251561998279,-2.08895025331455,0.0,1.0,0.0,0.0,0.0,0.0,0.0,0.0,1.0,0.0,0.0,0.0,1.0,0.0,1.0,0.0,0.0,0.0,0.0,1.0,0.0,0.0,1.0,0.0,0.0
-1.6107009145555085,1.079224282026909,-0.40877503182142294,-1.6404612799066847,-1.2652565919382417,1.7616606585441108,0.5798746828052749,1.7968266456540014,-1.4994937631333074,-0.27117092658415326,0.6385819129186802,-1.3215681504979144,-0.9065147288416262,2.528770581853971,-1.554657302268373,-0.567772539169454,-1.5387251561998279,-2.08895025331455,0.0,0.0,0.0,1.0,0.0,0.0,0.0,0.0,1.0,0.0,1.0,0.0,0.0,0.0,1.0,0.0,0.0,0.0,0.0,1.0,0.0,0.0,1.0,0.0,0.0
-1.6107009145555085,1.6002291078330029,-0.2937768550205971,-1.6284975671297832,-1.2652565919382417,1.7616606585441108,0.5798746828052749,1.7968266456540014,-1.2255387882613067,0.9307294434309393,-1.1698527758379913,-1.3215681504979144,-0.7045497904016974,2.528770581853971,-1.554657302268373,0.20947145350628804,-1.5032836980390267,-1.6272980571477755,0.0,0.0,0.0,0.0,1.0,0.0,0.0,1.0,0.0,0.0,0.0,0.0,1.0,0.0,0.0,0.0,1.0,0.0,0.0,1.0,0.0,0.0,1.0,0.0,0.0
-1.6107009145555085,1.6002291078330029,-0.2937768550205971,-1.6284975671297832,-1.2652565919382417,1.7616606585441108,0.5798746828052749,1.7968266456540014,-1.2255387882613067,0.9307294434309393,1.7072024108203496,-1.3215681504979144,-0.7045497904016974,2.528770581853971,-1.5118792875923948,-0.46433292764602835,-1.574166614360629,-1.6272980571477755,0.0,0.0,0.0,1.0,0.0,0.0,0.0,0.0,1.0,0.0,0.0,1.0,0.0,0.0,0.0,0.0,0.0,1.0,0.0,0.0,1.0,0.0,0.0,0.0,1.0
-1.6107009145555085,-1.0047950211974668,-0.06378050141894541,-1.6045701415759803,-1.2652565919382417,-0.5676462121975469,0.5798746828052749,1.7968266456540014,0.9929033077539762,0.9307294434309397,-1.1698527758379913,-1.3215681504979144,-0.5916115372005064,2.528770581853971,-1.4691012729164168,-0.4401087812683223,-1.6096080725214303,-1.3691433842411378,0.0,0.0,0.0,1.0,0.0,0.0,0.0,0.0,1.0,0.0,0.0,0.0,1.0,1.0,0.0,0.0,0.0,0.0,0.0,0.0,1.0,1.0,0.0,0.0,0.0
-1.6107009145555085,-1.0047950211974668,-0.06378050141894541,-1.6045701415759803,-1.2652565919382417,-0.5676462121975469,0.5798746828052749,1.7968266456540014,0.9929033077539762,0.9307294434309397,1.7072024108203496,-1.3215681504979144,-0.5916115372005064,2.528770581853971,-1.5974353169443511,-1.1468088782253494,-1.4678422398782254,-1.3691433842411378,0.0,1.0,0.0,0.0,0.0,0.0,0.0,0.0,1.0,0.0,1.0,0.0,0.0,0.0,0.0,0.0,1.0,0.0,0.0,1.0,0.0,0.0,1.0,0.0,0.0
-1.6107009145555085,-0.48379019539137286,0.05121767538188044,-1.5926064287990789,-1.2652565919382417,-0.5676462121975469,0.5798746828052749,1.7968266456540014,1.2668582826259769,-0.2711709265841529,-1.1698527758379913,-1.3215681504979144,-0.5463335647807563,2.528770581853971,-1.554657302268373,-0.8830619222693247,-1.574166614360629,-1.2656468290122043,0.0,1.0,0.0,0.0,0.0,0.0,0.0,0.0,1.0,0.0,1.0,0.0,0.0,1.0,0.0,0.0,0.0,0.0,0.0,0.0,1.0,1.0,0.0,0.0,0.0
-1.6107009145555085,-0.48379019539137286,0.05121767538188044,-1.5926064287990789,-1.2652565919382417,-0.5676462121975469,0.5798746828052749,1.7968266456540014,1.2668582826259769,-0.2711709265841529,-0.07931185746654404,-1.3215681504979144,-0.5463335647807563,2.528770581853971,-1.5974353169443511,-1.5700189649417355,-1.4678422398782254,-1.2656468290122043,0.0,0.0,1.0,0.0,0.0,0.0,1.0,0.0,0.0,0.0,0.0,1.0,0.0,0.0,1.0,0.0,0.0,0.0,0.0,1.0,0.0,0.0,1.0,0.0,0.0
-1.6107009145555085,-0.48379019539137286,0.05121767538188044,-1.5926064287990789,-1.2652565919382417,-0.5676462121975469,0.5798746828052749,1.7968266456540014,1.2668582826259769,-0.2711709265841529,-0.07931185746654404,-1.3215681504979144,-0.5463335647807563,2.528770581853971,-1.554657302268373,-0.8830619222693247,-1.6804909888430328,-1.2656468290122043,1.0,0.0,0.0,0.0,0.0,0.0,0.0,0.0,1.0,0.0,1.0,0.0,0.0,0.0,0.0,1.0,0.0,0.0,1.0,0.0,0.0,0.0,0.0,1.0,0.0
-1.6107009145555085,0.037214630414721096,0.1662158521827063,-1.5806427160221774,-1.2652565919382417,-0.5676462121975469,0.5798746828052749,1.7968266456540014,0.499253500620652,-1.2350201879770537,-0.4848396361574339,-0.9848088145037992,-0.5200625870190713,-0.5363925764158566,-1.5118792875923948,0.0509926630592629,-1.4324007817174242,-0.5814782742930455,1.0,0.0,0.0,0.0,0.0,0.0,0.0,0.0,1.0,0.0,1.0,0.0,0.0,0.0,1.0,0.0,0.0,0.0,0.0,1.0,0.0,0.0,1.0,0.0,0.0
-1.6107009145555085,0.037214630414721096,0.1662158521827063,-1.5806427160221774,-1.2652565919382417,-0.5676462121975469,0.5798746828052749,1.7968266456540014,0.499253500620652,-1.2350201879770537,-0.819126048321546,-0.9848088145037992,-0.10681125144198539,-0.5625161260602017,-1.5118792875923948,0.7754671336742346,-1.4324007817174242,-0.5814782742930455,0.0,0.0,0.0,0.0,1.0,0.0,0.0,1.0,0.0,0.0,1.0,0.0,0.0,0.0,1.0,0.0,0.0,0.0,0.0,1.0,0.0,0.0,1.0,0.0,0.0
-1.6107009145555085,0.037214630414721096,0.1662158521827063,-1.5806427160221774,-1.2652565919382417,-0.5676462121975469,0.5798746828052749,1.7968266456540014,0.499253500620652,-1.2350201879770537,-0.07931185746654404,-1.3215681504979144,-0.2470215260127822,2.528770581853971,-1.5118792875923948,0.7754671336742346,-1.6450495306822315,-0.5814782742930455,0.0,0.0,0.0,0.0,1.0,0.0,0.0,1.0,0.0,0.0,1.0,0.0,0.0,0.0,0.0,1.0,0.0,0.0,1.0,0.0,0.0,0.0,0.0,1.0,0.0
-1.6107009145555085,0.558219456220815,0.28121402898353215,-1.568679003245276,-1.2652565919382417,-0.5676462121975469,0.5798746828052749,1.7968266456540014,-0.7318889811279818,-1.2350201879770537,-0.4848396361574339,-0.648049478509684,-0.7712032316238079,-0.5625161260602017,-1.4691012729164168,0.7128268007022828,-1.5387251561998279,-0.7610415044397996,1.0,0.0,0.0,0.0,0.0,0.0,0.0,0.0,1.0,0.0,1.0,0.0,0.0,1.0,0.0,0.0,0.0,0.0,0.0,0.0,1.0,1.0,0.0,0.0,0.0
-1.6107009145555085,0.558219456220815,0.28121402898353215,-1.568679003245276,-1.2652565919382417,-0.5676462121975469,0.5798746828052749,1.7968266456540014,-0.7318889811279818,-1.2350201879770537,-0.4848396361574339,-1.3215681504979144,-0.3255773674531267,2.528770581853971,-1.5118792875923948,-1.2742197110408757,-1.3615178653958218,-0.7610415044397996,0.0,1.0,0.0,0.0,0.0,0.0,0.0,0.0,1.0,0.0,0.0,0.0,1.0,0.0,1.0,0.0,0.0,0.0,0.0,1.0,0.0,0.0,1.0,0.0,0.0
-1.6107009145555085,1.079224282026909,0.396212205784358,-1.5567152904683745,-1.2652565919382417,1.7616606585441108,0.5798746828052749,1.7968266456540014,-1.4994937631333074,-0.27117092658415326,-0.4848396361574339,-0.9848088145037992,-0.14460317552885069,-0.5886396757045469,-1.4263232582404386,1.0247457978180958,-1.4324007817174242,-0.11837332646001254,1.0,0.0,0.0,0.0,0.0,0.0,0.0,0.0,1.0,0.0,1.0,0.0,0.0,0.0,0.0,0.0,1.0,0.0,0.0,1.0,0.0,0.0,1.0,0.0,0.0
-1.6107009145555085,1.6002291078330029,0.5112103825851838,-1.544751577691473,-1.2652565919382417,1.7616606585441108,0.5798746828052749,1.7968266456540014,-1.2255387882613067,0.9307294434309393,1.7072024108203496,-1.3215681504979144,-0.0985635882319391,2.528770581853971,-1.4691012729164168,-0.11597130632406077,-1.5032836980390267,-0.24213257625099668,0.0,1.0,0.0,0.0,0.0,0.0,0.0,0.0,1.0,0.0,0.0,1.0,0.0,1.0,0.0,0.0,0.0,0.0,0.0,0.0,1.0,1.0,0.0,0.0,0.0
-1.6107009145555085,1.6002291078330029,0.5112103825851838,-1.544751577691473,-1.2652565919382417,1.7616606585441108,0.5798746828052749,1.7968266456540014,-1.2255387882613067,0.9307294434309393,-0.819126048321546,-1.3215681504979144,-0.0985635882319391,2.528770581853971,-1.4263232582404386,-0.34130417475798264,-1.5387251561998279,-0.24213257625099668,0.0,0.0,0.0,0.0,1.0,0.0,0.0,1.0,0.0,0.0,0.0,1.0,0.0,0.0,0.0,0.0,0.0,1.0,0.0,0.0,1.0,0.0,0.0,0.0,1.0
-1.6107009145555085,1.6002291078330029,0.5112103825851838,-1.544751577691473,-1.2652565919382417,1.7616606585441108,0.5798746828052749,1.7968266456540014,-1.2255387882613067,0.9307294434309393,-0.07931185746654404,-0.648049478509684,-0.43194281693278086,-0.6408867749932371,-1.4263232582404386,-0.19311621485946592,-1.5387251561998279,-0.24213257625099668,0.0,0.0,0.0,1.0,0.0,0.0,0.0,0.0,1.0,0.0,1.0,0.0,0.0,0.0,0.0,0.0,0.0,1.0,0.0,0.0,1.0,0.0,0.0,0.0,1.0
-1.6107009145555085,1.6002291078330029,0.5112103825851838,-1.544751577691473,-1.2652565919382417,1.7616606585441108,0.5798746828052749,1.7968266456540014,-1.2255387882613067,0.9307294434309393,-0.819126048321546,-1.3215681504979144,-0.0985635882319391,2.528770581853971,-1.554657302268373,0.09617719214830084,-1.3260764072350206,-0.24213257625099668,0.0,0.0,1.0,0.0,0.0,0.0,1.0,0.0,0.0,0.0,0.0,1.0,0.0,0.0,1.0,0.0,0.0,0.0,0.0,1.0,0.0,0.0,1.0,0.0,0.0
-1.6107009145555085,-1.5257998470035607,0.6262085593860097,-1.5327878649145714,-1.2652565919382417,-0.5676462121975469,0.5798746828052749,1.7968266456540014,-0.11631774025366513,1.465625429147336,-0.07931185746654404,-1.3215681504979144,-0.058261987393924033,2.528770581853971,-1.3835452435644604,0.4438702660149398,-1.6096080725214303,-0.15001102941409755,0.0,0.0,0.0,0.0,1.0,0.0,0.0,1.0,0.0,0.0,0.0,0.0,1.0,0.0,0.0,1.0,0.0,0.0,1.0,0.0,0.0,0.0,0.0,1.0,0.0
-1.6107009145555085,-1.5257998470035607,0.6262085593860097,-1.5327878649145714,-1.2652565919382417,-0.5676462121975469,0.5798746828052749,1.7968266456540014,-0.11631774025366513,1.465625429147336,1.7072024108203496,-1.3215681504979144,-0.058261987393924033,2.528770581853971,-1.3835452435644604,0.7155481924955546,-1.4678422398782254,-0.15001102941409755,1.0,0.0,0.0,0.0,0.0,0.0,0.0,0.0,1.0,0.0,0.0,0.0,1.0,0.0,0.0,0.0,0.0,1.0,0.0,0.0,1.0,0.0,0.0,0.0,1.0
-1.6107009145555085,-1.5257998470035607,0.6262085593860097,-1.5327878649145714,-1.2652565919382417,-0.5676462121975469,0.5798746828052749,1.7968266456540014,-0.11631774025366513,1.465625429147336,1.7072024108203496,-0.3112901425155687,-0.27848144911592415,-0.6234710752303403,-1.3835452435644604,-0.7786804031478243,-1.2906349490742193,-0.15001102941409755,0.0,0.0,0.0,1.0,0.0,0.0,0.0,0.0,1.0,0.0,1.0,0.0,0.0,0.0,1.0,0.0,0.0,0.0,0.0,1.0,0.0,0.0,1.0,0.0,0.0
-1.6107009145555085,-1.0047950211974668,0.7412067361868355,-1.52082415213767,-1.2652565919382417,-0.5676462121975469,0.5798746828052749,1.7968266456540014,0.9929033077539762,0.9307294434309397,-0.07931185746654404,-1.3215681504979144,-0.19194534627123616,2.528770581853971,-1.5974353169443511,-0.7714562514258952,-1.574166614360629,-0.45558494087308016,0.0,0.0,0.0,0.0,0.0,1.0,0.0,0.0,0.0,1.0,1.0,0.0,0.0,0.0,0.0,1.0,0.0,0.0,1.0,0.0,0.0,0.0,0.0,1.0,0.0
-1.6107009145555085,-1.0047950211974668,0.7412067361868355,-1.52082415213767,-1.2652565919382417,-0.5676462121975469,0.5798746828052749,1.7968266456540014,0.9929033077539762,0.9307294434309397,0.6385819129186802,-1.3215681504979144,-0.19194534627123616,2.528770581853971,-1.3407672288884824,-0.8605835047124862,-1.396959323556623,-0.45558494087308016,0.0,0.0,0.0,1.0,0.0,0.0,0.0,0.0,1.0,0.0,0.0,1.0,0.0,0.0,0.0,0.0,1.0,0.0,0.0,1.0,0.0,0.0,1.0,0.0,0.0
-1.6107009145555085,0.037214630414721096,0.9712030897884872,-1.496896726583867,-1.2652565919382417,-0.5676462121975469,0.5798746828052749,1.7968266456540014,0.499253500620652,-1.2350201879770537,1.7072024108203496,-1.3215681504979144,-0.18421006886111557,2.528770581853971,-1.4263232582404386,-0.9852426899667897,-1.3615178653958218,-0.43790361543151823,0.0,1.0,0.0,0.0,0.0,0.0,0.0,0.0,1.0,0.0,0.0,0.0,1.0,0.0,0.0,0.0,1.0,0.0,0.0,1.0,0.0,0.0,1.0,0.0,0.0
-1.6107009145555085,0.037214630414721096,0.9712030897884872,-1.496896726583867,-1.2652565919382417,-0.5676462121975469,0.5798746828052749,1.7968266456540014,0.499253500620652,-1.2350201879770537,-0.4848396361574339,-0.648049478509684,-0.6702265897723715,-0.5886396757045469,-1.3407672288884824,0.02105694469290609,-1.4678422398782254,-0.43790361543151823,0.0,0.0,0.0,0.0,1.0,0.0,0.0,1.0,0.0,0.0,1.0,0.0,0.0,1.0,0.0,0.0,0.0,0.0,0.0,0.0,1.0,1.0,0.0,0.0,0.0
-1.6107009145555085,0.037214630414721096,0.9712030897884872,-1.496896726583867,-1.2652565919382417,-0.5676462121975469,0.5798746828052749,1.7968266456540014,0.499253500620652,-1.2350201879770537,-0.07931185746654404,-0.9848088145037992,0.5654086328833658,-0.5189768766529599,-1.554657302268373,-0.3817213765428879,-1.3615178653958218,-0.43790361543151823,0.0,0.0,0.0,0.0,0.0,1.0,0.0,0.0,0.0,1.0,1.0,0.0,0.0,0.0,0.0,0.0,1.0,0.0,0.0,1.0,0.0,0.0,1.0,0.0,0.0
-1.6107009145555085,0.558219456220815,1.086201266589313,-1.4849330138069656,-1.2652565919382417,-0.5676462121975469,0.5798746828052749,1.7968266456540014,-0.7318889811279818,-1.2350201879770537,-0.07931185746654404,-0.9848088145037992,-1.2294559899390498,-0.475437627245718,-1.5118792875923948,-1.295303645494255,-1.4324007817174242,-0.2602517210739895,0.0,0.0,0.0,0.0,0.0,1.0,0.0,0.0,0.0,1.0,1.0,0.0,0.0,1.0,0.0,0.0,0.0,0.0,0.0,0.0,1.0,1.0,0.0,0.0,0.0
-1.6107009145555085,0.558219456220815,1.086201266589313,-1.4849330138069656,-1.2652565919382417,-0.5676462121975469,0.5798746828052749,1.7968266456540014,-0.7318889811279818,-1.2350201879770537,-0.07931185746654404,-1.3215681504979144,-0.10649040413175317,2.528770581853971,-1.3835452435644604,-0.3975852797322257,-1.4324007817174242,-0.2602517210739895,0.0,1.0,0.0,0.0,0.0,0.0,0.0,0.0,1.0,0.0,1.0,0.0,0.0,0.0,0.0,0.0,0.0,1.0,0.0,0.0,1.0,0.0,0.0,0.0,1.0
-1.6107009145555085,0.558219456220815,1.086201266589313,-1.4849330138069656,-1.2652565919382417,-0.5676462121975469,0.5798746828052749,1.7968266456540014,-0.7318889811279818,-1.2350201879770537,-0.4848396361574339,-0.9848088145037992,0.6301750201578334,-0.5712239759416501,-1.3407672288884824,0.4365295580911984,-1.5387251561998279,-0.2602517210739895,1.0,0.0,0.0,0.0,0.0,0.0,0.0,0.0,1.0,0.0,1.0,0.0,0.0,0.0,0.0,1.0,0.0,0.0,1.0,0.0,0.0,0.0,0.0,1.0,0.0
-1.6107009145555085,1.079224282026909,1.201199443390139,-1.4729693010300642,-1.2652565919382417,1.7616606585441108,0.5798746828052749,1.7968266456540014,-1.4994937631333074,-0.27117092658415326,1.7072024108203496,-1.3215681504979144,0.012314771313654401,2.528770581853971,-1.2979892142125042,0.625106998464603,-1.5032836980390267,0.011313584191434608,0.0,0.0,0.0,0.0,1.0,0.0,0.0,1.0,0.0,0.0,1.0,0.0,0.0,0.0,0.0,1.0,0.0,0.0,1.0,0.0,0.0,0.0,0.0,1.0,0.0
-1.6107009145555085,1.079224282026909,1.201199443390139,-1.4729693010300642,-1.2652565919382417,1.7616606585441108,0.5798746828052749,1.7968266456540014,-1.4994937631333074,-0.27117092658415326,-0.4848396361574339,-0.9848088145037992,0.5225536652404632,-0.6408867749932371,-1.5118792875923948,1.1460210402005142,-1.396959323556623,0.011313584191434608,0.0,0.0,1.0,0.0,0.0,0.0,1.0,0.0,0.0,0.0,1.0,0.0,0.0,0.0,0.0,0.0,0.0,1.0,0.0,0.0,1.0,0.0,0.0,0.0,1.0
-1.6107009145555085,1.079224282026909,1.201199443390139,-1.4729693010300642,-1.2652565919382417,1.7616606585441108,0.5798746828052749,1.7968266456540014,-1.4994937631333074,-0.27117092658415326,-0.819126048321546,-0.9848088145037992,0.3159279974519214,-0.6147632253488919,-1.2979892142125042,-0.888527163355961,-1.2906349490742193,0.011313584191434608,0.0,0.0,0.0,1.0,0.0,0.0,0.0,0.0,1.0,0.0,1.0,0.0,0.0,0.0,0.0,0.0,1.0,0.0,0.0,1.0,0.0,0.0,1.0,0.0,0.0
-1.6107009145555085,1.079224282026909,1.201199443390139,-1.4729693010300642,-1.2652565919382417,1.7616606585441108,0.5798746828052749,1.7968266456540014,-1.4994937631333074,-0.27117092658415326,-0.819126048321546,-1.3215681504979144,0.012314771313654401,2.528770581853971,-1.5118792875923948,1.1460210402005142,-1.2551934909134181,0.011313584191434608,0.0,0.0,1.0,0.0,0.0,0.0,1.0,0.0,0.0,0.0,1.0,0.0,0.0,0.0,1.0,0.0,0.0,0.0,0.0,1.0,0.0,0.0,1.0,0.0,0.0
-1.6107009145555085,1.6002291078330029,1.3161976201909649,-1.4610055882531627,-1.2652565919382417,1.7616606585441108,0.5798746828052749,1.7968266456540014,-1.2255387882613067,0.9307294434309393,-0.4848396361574339,-0.648049478509684,-0.08745749953995778,-0.6234710752303403,-1.4691012729164168,-0.9399605068718682,-1.2197520327526168,0.8602635444324362,0.0,0.0,0.0,0.0,0.0,1.0,0.0,0.0,0.0,1.0,1.0,0.0,0.0,0.0,1.0,0.0,0.0,0.0,0.0,1.0,0.0,0.0,1.0,0.0,0.0
-1.6107009145555085,-1.0047950211974668,1.5461939737926165,-1.4370781626993598,-1.2652565919382417,-0.5676462121975469,0.5798746828052749,1.7968266456540014,0.9929033077539762,0.9307294434309397,0.6385819129186802,-0.3112901425155687,-0.8177019418097096,-0.5712239759416501,-1.4263232582404386,2.7236683683718006,-1.2551934909134181,0.7117397367638807,0.0,0.0,1.0,0.0,0.0,0.0,1.0,0.0,0.0,0.0,1.0,0.0,0.0,0.0,0.0,0.0,1.0,0.0,0.0,1.0,0.0,0.0,1.0,0.0,0.0
-1.6107009145555085,0.037214630414721096,1.776190327394268,-1.413150737145557,-1.2652565919382417,-0.5676462121975469,0.5798746828052749,1.7968266456540014,0.499253500620652,-1.2350201879770537,-1.1698527758379913,-1.3215681504979144,0.30120735618461103,2.528770581853971,-1.255211199536526,0.6457438640170403,-1.1843105745918157,0.6716653130220379,0.0,0.0,0.0,0.0,1.0,0.0,0.0,1.0,0.0,0.0,0.0,1.0,0.0,0.0,1.0,0.0,0.0,0.0,0.0,1.0,0.0,0.0,1.0,0.0,0.0
-1.6107009145555085,0.558219456220815,1.8911885041950942,-1.4011870243686553,-1.2652565919382417,-0.5676462121975469,0.5798746828052749,1.7968266456540014,-0.7318889811279818,-1.2350201879770537,-0.07931185746654404,-0.9848088145037992,1.47977869764861,-0.5451004262973049,-1.3407672288884824,0.199768670417694,-1.396959323556623,0.936647216947693,0.0,1.0,0.0,0.0,0.0,0.0,0.0,0.0,1.0,0.0,0.0,1.0,0.0,1.0,0.0,0.0,0.0,0.0,0.0,0.0,1.0,1.0,0.0,0.0,0.0
-1.2464759096488947,1.079224282026909,-1.5587567998296814,-1.3892233115917538,-1.2652565919382417,1.7616606585441108,1.0720628695072258,1.2048083588141298,-1.4994937631333074,-0.27117092658415326,-0.819126048321546,-0.9848088145037992,-0.899264705410449,-0.5363925764158566,-1.4263232582404386,-1.294738474022484,-1.3615178653958218,0.6454512162886521,0.0,0.0,0.0,0.0,0.0,1.0,0.0,0.0,0.0,1.0,0.0,1.0,0.0,0.0,0.0,0.0,0.0,1.0,0.0,0.0,1.0,0.0,0.0,0.0,1.0
-1.2464759096488947,1.6002291078330029,-1.4437586230288555,-1.3772595988148524,-1.2652565919382417,1.7616606585441108,1.0720628695072258,1.2048083588141298,-1.2255387882613067,0.9307294434309393,-0.819126048321546,-1.3215681504979144,0.18811380886210366,2.528770581853971,-1.255211199536526,-0.16452064774990774,-1.3260764072350206,0.41315566824399136,0.0,0.0,0.0,1.0,0.0,0.0,0.0,0.0,1.0,0.0,1.0,0.0,0.0,0.0,0.0,0.0,0.0,1.0,0.0,0.0,1.0,0.0,0.0,0.0,1.0
-1.2464759096488947,1.6002291078330029,-1.4437586230288555,-1.3772595988148524,-1.2652565919382417,1.7616606585441108,1.0720628695072258,1.2048083588141298,-1.2255387882613067,0.9307294434309393,1.7072024108203496,-1.3215681504979144,0.18811380886210366,2.528770581853971,-1.2979892142125042,0.8240925753595985,-1.4678422398782254,0.41315566824399136,1.0,0.0,0.0,0.0,0.0,0.0,0.0,0.0,1.0,0.0,0.0,1.0,0.0,0.0,0.0,1.0,0.0,0.0,1.0,0.0,0.0,0.0,0.0,1.0,0.0
-1.2464759096488947,1.6002291078330029,-1.4437586230288555,-1.3772595988148524,-1.2652565919382417,1.7616606585441108,1.0720628695072258,1.2048083588141298,-1.2255387882613067,0.9307294434309393,0.6385819129186802,-0.9848088145037992,1.0823041987745896,-0.4231905279570277,-1.3835452435644604,2.3447528904512143,-1.4678422398782254,0.41315566824399136,0.0,0.0,1.0,0.0,0.0,0.0,1.0,0.0,0.0,0.0,0.0,1.0,0.0,0.0,0.0,1.0,0.0,0.0,1.0,0.0,0.0,0.0,0.0,1.0,0.0
-1.2464759096488947,-1.0047950211974668,-1.2137622694272039,-1.3533321732610495,-1.2652565919382417,-0.5676462121975469,1.0720628695072258,1.2048083588141298,0.9929033077539762,0.9307294434309397,1.7072024108203496,-0.9848088145037992,0.9939422328718025,-0.5451004262973049,-1.2979892142125042,-0.5064666888176247,-1.396959323556623,0.7375487918669414,0.0,1.0,0.0,0.0,0.0,0.0,0.0,0.0,1.0,0.0,0.0,0.0,1.0,0.0,0.0,1.0,0.0,0.0,1.0,0.0,0.0,0.0,0.0,1.0,0.0
-1.2464759096488947,-0.48379019539137286,-1.098764092626378,-1.341368460484148,-1.2652565919382417,-0.5676462121975469,1.0720628695072258,1.2048083588141298,1.2668582826259769,-0.2711709265841529,-0.07931185746654404,-0.9848088145037992,1.3607546954662695,-0.5538082761787534,-1.212433184860548,-0.179109359541732,-1.1488691164310145,0.6101686166808692,0.0,0.0,0.0,1.0,0.0,0.0,0.0,0.0,1.0,0.0,1.0,0.0,0.0,0.0,1.0,0.0,0.0,0.0,0.0,1.0,0.0,0.0,1.0,0.0,0.0
-1.2464759096488947,-0.48379019539137286,-1.098764092626378,-1.341368460484148,-1.2652565919382417,-0.5676462121975469,1.0720628695072258,1.2048083588141298,1.2668582826259769,-0.2711709265841529,-1.1698527758379913,-0.648049478509684,0.3657140372219054,-0.6408867749932371,-1.255211199536526,1.1773084169433345,-1.1488691164310145,0.6101686166808692,1.0,0.0,0.0,0.0,0.0,0.0,0.0,0.0,1.0,0.0,0.0,0.0,1.0,0.0,1.0,0.0,0.0,0.0,0.0,1.0,0.0,0.0,1.0,0.0,0.0
-1.2464759096488947,-0.48379019539137286,-1.098764092626378,-1.341368460484148,-1.2652565919382417,-0.5676462121975469,1.0720628695072258,1.2048083588141298,1.2668582826259769,-0.2711709265841529,-1.1698527758379913,-0.9848088145037992,1.3607546954662695,-0.3622355787868891,-1.3835452435644604,-1.8190361980154395,-1.3615178653958218,0.6101686166808692,0.0,0.0,0.0,0.0,0.0,1.0,0.0,0.0,0.0,1.0,0.0,1.0,0.0,1.0,0.0,0.0,0.0,0.0,0.0,0.0,1.0,1.0,0.0,0.0,0.0
-1.2464759096488947,0.037214630414721096,-0.9837659158255522,-1.3294047477072466,-1.2652565919382417,-0.5676462121975469,1.0720628695072258,1.2048083588141298,0.499253500620652,-1.2350201879770537,-0.07931185746654404,-0.9848088145037992,-0.12100257477910997,-0.5015611768900631,-1.3407672288884824,2.864646657637517,-1.2906349490742193,1.0798959812493854,0.0,0.0,1.0,0.0,0.0,0.0,1.0,0.0,0.0,0.0,0.0,0.0,1.0,0.0,0.0,0.0,0.0,1.0,0.0,0.0,1.0,0.0,0.0,0.0,1.0
-1.2464759096488947,0.037214630414721096,-0.9837659158255522,-1.3294047477072466,-1.2652565919382417,-0.5676462121975469,1.0720628695072258,1.2048083588141298,0.499253500620652,-1.2350201879770537,0.6385819129186802,-1.3215681504979144,0.47980129002142163,2.528770581853971,-1.1696551701845699,0.045929068868233745,-1.077986200109412,1.0798959812493854,0.0,0.0,0.0,1.0,0.0,0.0,0.0,0.0,1.0,0.0,0.0,0.0,1.0,0.0,1.0,0.0,0.0,0.0,0.0,1.0,0.0,0.0,1.0,0.0,0.0
-1.2464759096488947,0.558219456220815,-0.8687677390247264,-1.3174410349303451,-1.2652565919382417,-0.5676462121975469,1.0720628695072258,1.2048083588141298,-0.7318889811279818,-1.2350201879770537,1.7072024108203496,-1.3215681504979144,0.37219462766908656,2.528770581853971,-1.255211199536526,-0.7358692546387826,-1.2551934909134181,0.833928278236879,0.0,1.0,0.0,0.0,0.0,0.0,0.0,0.0,1.0,0.0,0.0,1.0,0.0,0.0,0.0,0.0,0.0,1.0,0.0,0.0,1.0,0.0,0.0,0.0,1.0
-1.2464759096488947,0.558219456220815,-0.8687677390247264,-1.3174410349303451,-1.2652565919382417,-0.5676462121975469,1.0720628695072258,1.2048083588141298,-0.7318889811279818,-1.2350201879770537,0.6385819129186802,-0.3112901425155687,-0.4743538172257629,-0.5451004262973049,-1.2979892142125042,2.4241678978922336,-1.3615178653958218,0.833928278236879,0.0,0.0,1.0,0.0,0.0,0.0,1.0,0.0,0.0,0.0,1.0,0.0,0.0,0.0,0.0,1.0,0.0,0.0,1.0,0.0,0.0,0.0,0.0,1.0,0.0
-1.2464759096488947,1.079224282026909,-0.7537695622239005,-1.3054773221534437,-1.2652565919382417,1.7616606585441108,1.0720628695072258,1.2048083588141298,-1.4994937631333074,-0.27117092658415326,0.6385819129186802,-0.9848088145037992,-0.3670184200390466,-0.4493140776013729,-1.1268771555085917,-0.29915124839867013,-1.2197520327526168,0.9718501268895092,0.0,0.0,0.0,1.0,0.0,0.0,0.0,0.0,1.0,0.0,1.0,0.0,0.0,0.0,0.0,0.0,0.0,1.0,0.0,0.0,1.0,0.0,0.0,0.0,1.0
-1.2464759096488947,1.079224282026909,-0.7537695622239005,-1.3054773221534437,-1.2652565919382417,1.7616606585441108,1.0720628695072258,1.2048083588141298,-1.4994937631333074,-0.27117092658415326,0.6385819129186802,-0.648049478509684,1.7184890964602186,-0.5276847265344082,-1.212433184860548,1.7197307342525612,-1.3260764072350206,0.9718501268895092,1.0,0.0,0.0,0.0,0.0,0.0,0.0,0.0,1.0,0.0,1.0,0.0,0.0,1.0,0.0,0.0,0.0,0.0,0.0,0.0,1.0,1.0,0.0,0.0,0.0
-1.2464759096488947,-1.0047950211974668,-0.40877503182142294,-1.2695861838227391,-1.2652565919382417,-0.5676462121975469,1.0720628695072258,1.2048083588141298,0.9929033077539762,0.9307294434309397,-1.1698527758379913,-0.9848088145037992,0.492382397854267,-0.40577482819413097,-1.1696551701845699,1.3853249669427563,-1.3260764072350206,1.062088572092468,1.0,0.0,0.0,0.0,0.0,0.0,0.0,0.0,1.0,0.0,1.0,0.0,0.0,0.0,0.0,1.0,0.0,0.0,1.0,0.0,0.0,0.0,0.0,1.0,0.0
-1.2464759096488947,-0.48379019539137286,-0.2937768550205971,-1.2576224710458377,-1.2652565919382417,-0.5676462121975469,1.0720628695072258,1.2048083588141298,1.2668582826259769,-0.2711709265841529,-0.07931185746654404,-0.9848088145037992,0.3015204253782305,-0.5625161260602017,-1.212433184860548,1.2343279172389638,-1.2197520327526168,1.1053278270855549,0.0,0.0,0.0,0.0,1.0,0.0,0.0,1.0,0.0,0.0,1.0,0.0,0.0,0.0,0.0,0.0,1.0,0.0,0.0,1.0,0.0,0.0,1.0,0.0,0.0
-1.2464759096488947,-0.48379019539137286,-0.2937768550205971,-1.2576224710458377,-1.2652565919382417,-0.5676462121975469,1.0720628695072258,1.2048083588141298,1.2668582826259769,-0.2711709265841529,-1.1698527758379913,-1.3215681504979144,0.49092728751772774,2.528770581853971,-1.1268771555085917,1.4428029927674901,-1.2906349490742193,1.1053278270855549,1.0,0.0,0.0,0.0,0.0,0.0,0.0,0.0,1.0,0.0,0.0,0.0,1.0,0.0,0.0,1.0,0.0,0.0,1.0,0.0,0.0,0.0,0.0,1.0,0.0
-1.2464759096488947,0.558219456220815,-0.06378050141894541,-1.2336950454920348,-1.2652565919382417,-0.5676462121975469,1.0720628695072258,1.2048083588141298,-0.7318889811279818,-1.2350201879770537,-0.07931185746654404,-0.648049478509684,-1.5334458090592107,-0.5363925764158566,-1.0840991408326137,0.8359289522376745,-1.1843105745918157,0.7670548197280082,1.0,0.0,0.0,0.0,0.0,0.0,0.0,0.0,1.0,0.0,0.0,1.0,0.0,0.0,0.0,0.0,0.0,1.0,0.0,0.0,1.0,0.0,0.0,0.0,1.0
-1.2464759096488947,1.079224282026909,0.05121767538188044,-1.2217313327151333,-1.2652565919382417,1.7616606585441108,1.0720628695072258,1.2048083588141298,-1.4994937631333074,-0.27117092658415326,-0.4848396361574339,-1.3215681504979144,0.32975926664266464,2.528770581853971,-1.255211199536526,2.831680925808941,-1.0425447419486107,0.7369293745444692,0.0,0.0,1.0,0.0,0.0,0.0,1.0,0.0,0.0,0.0,0.0,0.0,1.0,0.0,1.0,0.0,0.0,0.0,0.0,1.0,0.0,0.0,1.0,0.0,0.0
-1.2464759096488947,1.6002291078330029,0.1662158521827063,-1.209767619938232,-1.2652565919382417,1.7616606585441108,1.0720628695072258,1.2048083588141298,-1.2255387882613067,0.9307294434309393,-0.819126048321546,-1.3215681504979144,0.34955183060977685,2.528770581853971,-1.0413211261566355,0.7480780494820477,-1.2906349490742193,0.7821712897688111,1.0,0.0,0.0,0.0,0.0,0.0,0.0,0.0,1.0,0.0,0.0,0.0,1.0,1.0,0.0,0.0,0.0,0.0,0.0,0.0,1.0,1.0,0.0,0.0,0.0
-1.2464759096488947,1.6002291078330029,0.1662158521827063,-1.209767619938232,-1.2652565919382417,1.7616606585441108,1.0720628695072258,1.2048083588141298,-1.2255387882613067,0.9307294434309393,-0.819126048321546,-1.3215681504979144,0.34955183060977685,2.528770581853971,-1.212433184860548,-0.8613455616986693,-1.1488691164310145,0.7821712897688111,0.0,1.0,0.0,0.0,0.0,0.0,0.0,0.0,1.0,0.0,0.0,0.0,1.0,0.0,0.0,0.0,0.0,1.0,0.0,0.0,1.0,0.0,0.0,0.0,1.0
-1.2464759096488947,-1.0047950211974668,0.396212205784358,-1.185840194384429,-1.2652565919382417,-0.5676462121975469,1.0720628695072258,1.2048083588141298,0.9929033077539762,0.9307294434309397,1.7072024108203496,-0.9848088145037992,-0.01768974088483904,-0.40577482819413097,-1.0840991408326137,0.1540438140811672,-1.2551934909134181,0.7965125562177792,0.0,0.0,0.0,1.0,0.0,0.0,0.0,0.0,1.0,0.0,0.0,1.0,0.0,1.0,0.0,0.0,0.0,0.0,0.0,0.0,1.0,1.0,0.0,0.0,0.0
-1.2464759096488947,-1.0047950211974668,0.396212205784358,-1.185840194384429,-1.2652565919382417,-0.5676462121975469,1.0720628695072258,1.2048083588141298,0.9929033077539762,0.9307294434309397,-0.4848396361574339,-0.3112901425155687,-1.4143997837246989,-0.6147632253488919,-1.1696551701845699,0.8609628483100765,-1.2551934909134181,0.7965125562177792,0.0,0.0,0.0,0.0,1.0,0.0,0.0,1.0,0.0,0.0,0.0,1.0,0.0,1.0,0.0,0.0,0.0,0.0,0.0,0.0,1.0,1.0,0.0,0.0,0.0
-1.2464759096488947,0.037214630414721096,0.6262085593860097,-1.161912768830626,-1.2652565919382417,-0.5676462121975469,1.0720628695072258,1.2048083588141298,0.499253500620652,-1.2350201879770537,-0.07931185746654404,-0.9848088145037992,-0.7875690319238795,-0.5799318258230984,-1.3407672288884824,-1.0507707961160107,-1.1134276582702132,0.951828471860101,0.0,0.0,0.0,0.0,0.0,1.0,0.0,0.0,0.0,1.0,0.0,0.0,1.0,0.0,0.0,0.0,0.0,1.0,0.0,0.0,1.0,0.0,0.0,0.0,1.0
-1.2464759096488947,0.558219456220815,0.7412067361868355,-1.1499490560537247,-1.2652565919382417,-0.5676462121975469,1.0720628695072258,1.2048083588141298,-0.7318889811279818,-1.2350201879770537,-1.1698527758379913,-0.9848088145037992,0.892699419328782,-0.29257277973530216,-1.1696551701845699,-0.5384038469105844,-1.2551934909134181,1.0266102090212206,0.0,1.0,0.0,0.0,0.0,0.0,0.0,0.0,1.0,0.0,0.0,0.0,1.0,0.0,0.0,1.0,0.0,0.0,1.0,0.0,0.0,0.0,0.0,1.0,0.0
-1.2464759096488947,0.558219456220815,0.7412067361868355,-1.1499490560537247,-1.2652565919382417,-0.5676462121975469,1.0720628695072258,1.2048083588141298,-0.7318889811279818,-1.2350201879770537,-1.1698527758379913,-0.9848088145037992,0.6860737515402391,-0.3012806296167505,-1.2979892142125042,-0.6799503296147695,-1.2551934909134181,1.0266102090212206,0.0,0.0,0.0,0.0,0.0,1.0,0.0,0.0,0.0,1.0,0.0,0.0,1.0,0.0,0.0,1.0,0.0,0.0,1.0,0.0,0.0,0.0,0.0,1.0,0.0
-1.2464759096488947,-1.5257998470035607,1.086201266589313,-1.11405791772302,-1.2652565919382417,-0.5676462121975469,1.0720628695072258,1.2048083588141298,-0.11631774025366513,1.465625429147336,1.7072024108203496,-0.9848088145037992,0.28803581854464094,-0.18807858115792164,-1.0413211261566355,0.5447201443673507,-1.077986200109412,1.068340030645685,0.0,0.0,0.0,1.0,0.0,0.0,0.0,0.0,1.0,0.0,0.0,1.0,0.0,0.0,0.0,0.0,0.0,1.0,0.0,0.0,1.0,0.0,0.0,0.0,1.0
-1.2464759096488947,0.037214630414721096,1.4311957969917906,-1.0781667793923158,-1.2652565919382417,-0.5676462121975469,1.0720628695072258,1.2048083588141298,0.499253500620652,-1.2350201879770537,-1.1698527758379913,-0.9848088145037992,-0.3552540186639232,-0.2751570799724054,-1.212433184860548,2.846202757831535,-1.1843105745918157,1.0041194610028392,0.0,0.0,1.0,0.0,0.0,0.0,1.0,0.0,0.0,0.0,1.0,0.0,0.0,0.0,0.0,1.0,0.0,0.0,1.0,0.0,0.0,0.0,0.0,1.0,0.0
-1.2464759096488947,0.558219456220815,1.5461939737926165,-1.0662030666154143,-1.2652565919382417,-0.5676462121975469,1.0720628695072258,1.2048083588141298,-0.7318889811279818,-1.2350201879770537,0.6385819129186802,-1.3215681504979144,0.39004534383273154,2.528770581853971,-1.1696551701845699,2.312490934082067,-1.0071032837878096,0.874731510638267,0.0,0.0,1.0,0.0,0.0,0.0,1.0,0.0,0.0,0.0,1.0,0.0,0.0,0.0,1.0,0.0,0.0,0.0,0.0,1.0,0.0,0.0,1.0,0.0,0.0
-1.2464759096488947,0.558219456220815,1.5461939737926165,-1.0662030666154143,-1.2652565919382417,-0.5676462121975469,1.0720628695072258,1.2048083588141298,-0.7318889811279818,-1.2350201879770537,1.7072024108203496,-0.648049478509684,0.6254944241027014,-0.475437627245718,-1.255211199536526,-0.07601867007691177,-1.1843105745918157,0.874731510638267,0.0,0.0,0.0,0.0,0.0,1.0,0.0,0.0,0.0,1.0,1.0,0.0,0.0,1.0,0.0,0.0,0.0,0.0,0.0,0.0,1.0,1.0,0.0,0.0,0.0
-1.2464759096488947,0.558219456220815,1.5461939737926165,-1.0662030666154143,-1.2652565919382417,-0.5676462121975469,1.0720628695072258,1.2048083588141298,-0.7318889811279818,-1.2350201879770537,-0.819126048321546,-1.3215681504979144,0.39004534383273154,2.528770581853971,-0.9985431114806574,0.6015780406747384,-1.0425447419486107,0.874731510638267,1.0,0.0,0.0,0.0,0.0,0.0,0.0,0.0,1.0,0.0,0.0,0.0,1.0,0.0,0.0,0.0,0.0,1.0,0.0,0.0,1.0,0.0,0.0,0.0,1.0
-0.8822509047422809,1.079224282026909,-1.5587567998296814,-1.0542393538385129,-1.2652565919382417,1.7616606585441108,1.2522162492827382,0.39609633948592227,-1.4994937631333074,-0.27117092658415326,-1.1698527758379913,-0.9848088145037992,1.5921481760725733,-0.38835912843123427,-1.212433184860548,0.24061959239864786,-1.1843105745918157,1.2448726954723288,0.0,0.0,0.0,0.0,0.0,1.0,0.0,0.0,0.0,1.0,0.0,1.0,0.0,0.0,0.0,0.0,1.0,0.0,0.0,1.0,0.0,0.0,1.0,0.0,0.0
-0.8822509047422809,1.079224282026909,-1.5587567998296814,-1.0542393538385129,-1.2652565919382417,1.7616606585441108,1.2522162492827382,0.39609633948592227,-1.4994937631333074,-0.27117092658415326,-0.07931185746654404,-1.3215681504979144,0.5519757802734331,2.528770581853971,-1.212433184860548,0.24061959239864786,-1.1488691164310145,1.2448726954723288,0.0,0.0,0.0,0.0,0.0,1.0,0.0,0.0,0.0,1.0,0.0,0.0,1.0,0.0,0.0,1.0,0.0,0.0,1.0,0.0,0.0,0.0,0.0,1.0,0.0
-0.8822509047422809,1.079224282026909,-1.5587567998296814,-1.0542393538385129,-1.2652565919382417,1.7616606585441108,1.2522162492827382,0.39609633948592227,-1.4994937631333074,-0.27117092658415326,-0.819126048321546,-0.9848088145037992,0.35239416934131784,-0.23161783056516352,-0.9557650968046792,0.9492485227940403,-0.9716618256270083,1.2448726954723288,1.0,0.0,0.0,0.0,0.0,0.0,0.0,0.0,1.0,0.0,0.0,1.0,0.0,0.0,1.0,0.0,0.0,0.0,0.0,1.0,0.0,0.0,1.0,0.0,0.0
-0.8822509047422809,1.6002291078330029,-1.4437586230288555,-1.0422756410616114,-1.2652565919382417,1.7616606585441108,1.2522162492827382,0.39609633948592227,-1.2255387882613067,0.9307294434309393,-1.1698527758379913,-0.648049478509684,1.6179616403141028,-0.5712239759416501,-1.1268771555085917,0.9172770403536784,-1.1488691164310145,1.2169165384075233,0.0,0.0,0.0,0.0,1.0,0.0,0.0,1.0,0.0,0.0,0.0,0.0,1.0,1.0,0.0,0.0,0.0,0.0,0.0,0.0,1.0,1.0,0.0,0.0,0.0
-0.8822509047422809,1.6002291078330029,-1.4437586230288555,-1.0422756410616114,-1.2652565919382417,1.7616606585441108,1.2522162492827382,0.39609633948592227,-1.2255387882613067,0.9307294434309393,1.7072024108203496,-1.3215681504979144,0.5397454397974382,2.528770581853971,-0.9129870821287012,1.0042883972819332,-1.1488691164310145,1.2169165384075233,1.0,0.0,0.0,0.0,0.0,0.0,0.0,0.0,1.0,0.0,1.0,0.0,0.0,0.0,0.0,0.0,1.0,0.0,0.0,1.0,0.0,0.0,1.0,0.0,0.0
-0.8822509047422809,-1.5257998470035607,-1.3287604462280298,-1.03031192828471,-1.2652565919382417,-0.5676462121975469,1.2522162492827382,0.39609633948592227,-0.11631774025366513,1.465625429147336,0.6385819129186802,0.025469193478546592,-0.05303885223382928,-0.28386492985385375,-1.1268771555085917,-0.846740823137686,-1.0071032837878096,0.9453533129548098,0.0,1.0,0.0,0.0,0.0,0.0,0.0,0.0,1.0,0.0,1.0,0.0,0.0,0.0,0.0,0.0,0.0,1.0,0.0,0.0,1.0,0.0,0.0,0.0,1.0
-0.8822509047422809,-1.5257998470035607,-1.3287604462280298,-1.03031192828471,-1.2652565919382417,-0.5676462121975469,1.2522162492827382,0.39609633948592227,-0.11631774025366513,1.465625429147336,1.7072024108203496,-0.9848088145037992,1.0697013354630547,-0.3970669783126826,-1.1268771555085917,0.05885226513102788,-1.0071032837878096,0.9453533129548098,0.0,0.0,0.0,0.0,0.0,1.0,0.0,0.0,0.0,1.0,0.0,1.0,0.0,0.0,0.0,0.0,0.0,1.0,0.0,0.0,1.0,0.0,0.0,0.0,1.0
-0.8822509047422809,-1.5257998470035607,-1.3287604462280298,-1.03031192828471,-1.2652565919382417,-0.5676462121975469,1.2522162492827382,0.39609633948592227,-0.11631774025366513,1.465625429147336,1.7072024108203496,-1.3215681504979144,0.4209411742345126,2.528770581853971,-1.0840991408326137,0.5197463592340582,-1.1134276582702132,0.9453533129548098,0.0,0.0,0.0,0.0,1.0,0.0,0.0,1.0,0.0,0.0,1.0,0.0,0.0,1.0,0.0,0.0,0.0,0.0,0.0,0.0,1.0,1.0,0.0,0.0,0.0
-0.8822509047422809,-1.5257998470035607,-1.3287604462280298,-1.03031192828471,-1.2652565919382417,-0.5676462121975469,1.2522162492827382,0.39609633948592227,-0.11631774025366513,1.465625429147336,-1.1698527758379913,-0.648049478509684,0.29334744389504275,-0.37965127854978586,-1.1268771555085917,0.05885226513102788,-1.1134276582702132,0.9453533129548098,0.0,0.0,0.0,0.0,0.0,1.0,0.0,0.0,0.0,1.0,0.0,1.0,0.0,1.0,0.0,0.0,0.0,0.0,0.0,0.0,1.0,1.0,0.0,0.0,0.0
-0.8822509047422809,-1.0047950211974668,-1.2137622694272039,-1.0183482155078085,-1.2652565919382417,-0.5676462121975469,1.2522162492827382,0.39609633948592227,0.9929033077539762,0.9307294434309397,1.7072024108203496,-0.648049478509684,-0.34242233139084977,-0.5451004262973049,-0.9985431114806574,0.332606772908954,-1.1134276582702132,0.6111110291352471,0.0,0.0,0.0,1.0,0.0,0.0,0.0,0.0,1.0,0.0,0.0,0.0,1.0,0.0,0.0,0.0,1.0,0.0,0.0,1.0,0.0,0.0,1.0,0.0,0.0
-0.8822509047422809,-1.0047950211974668,-1.2137622694272039,-1.0183482155078085,-1.2652565919382417,-0.5676462121975469,1.2522162492827382,0.39609633948592227,0.9929033077539762,0.9307294434309397,-0.4848396361574339,-1.3215681504979144,0.2747158928730153,2.528770581853971,-1.0840991408326137,-0.903537268980207,-1.0425447419486107,0.6111110291352471,0.0,1.0,0.0,0.0,0.0,0.0,0.0,0.0,1.0,0.0,0.0,0.0,1.0,1.0,0.0,0.0,0.0,0.0,0.0,0.0,1.0,1.0,0.0,0.0,0.0
-0.8822509047422809,0.037214630414721096,-0.9837659158255522,-0.9944207899540055,-1.2652565919382417,-0.5676462121975469,1.2522162492827382,0.39609633948592227,0.499253500620652,-1.2350201879770537,-0.819126048321546,-1.3215681504979144,0.35630753426155554,2.528770581853971,-0.8702090674527231,0.600326998529625,-1.077986200109412,0.7976135019249729,1.0,0.0,0.0,0.0,0.0,0.0,0.0,0.0,1.0,0.0,0.0,1.0,0.0,0.0,0.0,0.0,1.0,0.0,0.0,1.0,0.0,0.0,1.0,0.0,0.0
-0.8822509047422809,0.037214630414721096,-0.9837659158255522,-0.9944207899540055,-1.2652565919382417,-0.5676462121975469,1.2522162492827382,0.39609633948592227,0.499253500620652,-1.2350201879770537,-0.07931185746654404,-1.3215681504979144,0.35630753426155554,2.528770581853971,-1.0413211261566355,-0.47225196677288034,-1.1134276582702132,0.7976135019249729,0.0,0.0,0.0,0.0,0.0,1.0,0.0,0.0,0.0,1.0,1.0,0.0,0.0,0.0,0.0,1.0,0.0,0.0,1.0,0.0,0.0,0.0,0.0,1.0,0.0
-0.8822509047422809,0.558219456220815,-0.8687677390247264,-0.9824570771771041,-1.2652565919382417,-0.5676462121975469,1.2522162492827382,0.39609633948592227,-0.7318889811279818,-1.2350201879770537,-0.07931185746654404,-0.648049478509684,0.8257076304481027,-0.21420213080226677,-1.1268771555085917,2.685602484283457,-0.9362203674662071,0.948671973313957,0.0,0.0,1.0,0.0,0.0,0.0,1.0,0.0,0.0,0.0,1.0,0.0,0.0,0.0,1.0,0.0,0.0,0.0,0.0,1.0,0.0,0.0,1.0,0.0,0.0
-0.8822509047422809,0.558219456220815,-0.8687677390247264,-0.9824570771771041,-1.2652565919382417,-0.5676462121975469,1.2522162492827382,0.39609633948592227,-0.7318889811279818,-1.2350201879770537,1.7072024108203496,-1.3215681504979144,0.4223930313700423,2.528770581853971,-1.0413211261566355,0.20149787928496996,-1.0071032837878096,0.948671973313957,0.0,0.0,0.0,0.0,1.0,0.0,0.0,1.0,0.0,0.0,1.0,0.0,0.0,1.0,0.0,0.0,0.0,0.0,0.0,0.0,1.0,1.0,0.0,0.0,0.0
-0.8822509047422809,0.558219456220815,-0.8687677390247264,-0.9824570771771041,-1.2652565919382417,-0.5676462121975469,1.2522162492827382,0.39609633948592227,-0.7318889811279818,-1.2350201879770537,-0.819126048321546,-0.9848088145037992,-0.16884279032192645,-0.10970793222488628,-0.9985431114806574,-0.31976252703886754,-1.0071032837878096,0.948671973313957,0.0,0.0,0.0,0.0,0.0,1.0,0.0,0.0,0.0,1.0,0.0,1.0,0.0,1.0,0.0,0.0,0.0,0.0,0.0,0.0,1.0,1.0,0.0,0.0,0.0
-0.8822509047422809,0.558219456220815,-0.8687677390247264,-0.9824570771771041,-1.2652565919382417,-0.5676462121975469,1.2522162492827382,0.39609633948592227,-0.7318889811279818,-1.2350201879770537,-1.1698527758379913,-0.3112901425155687,-0.5979490657540729,-0.16195503151357651,-0.8274310527767449,0.8811230763601378,-0.9362203674662071,0.948671973313957,1.0,0.0,0.0,0.0,0.0,0.0,0.0,0.0,1.0,0.0,0.0,1.0,0.0,0.0,0.0,0.0,0.0,1.0,0.0,0.0,1.0,0.0,0.0,0.0,1.0
-0.8822509047422809,1.079224282026909,-0.7537695622239005,-0.9704933644002026,-1.2652565919382417,1.7616606585441108,1.2522162492827382,0.39609633948592227,-1.4994937631333074,-0.27117092658415326,-1.1698527758379913,-0.9848088145037992,1.4601000626211298,-0.5799318258230984,-0.9985431114806574,-0.2511797245569284,-1.0425447419486107,0.8826694217035781,0.0,0.0,0.0,0.0,1.0,0.0,0.0,1.0,0.0,0.0,1.0,0.0,0.0,0.0,0.0,0.0,1.0,0.0,0.0,1.0,0.0,0.0,1.0,0.0,0.0
-0.8822509047422809,1.079224282026909,-0.7537695622239005,-0.9704933644002026,-1.2652565919382417,1.7616606585441108,1.2522162492827382,0.39609633948592227,-1.4994937631333074,-0.27117092658415326,-0.819126048321546,-0.9848088145037992,0.013720388101331242,-0.2403256804466119,-1.0413211261566355,-0.623027335495022,-0.9007789093054058,0.8826694217035781,0.0,1.0,0.0,0.0,0.0,0.0,0.0,0.0,1.0,0.0,0.0,0.0,1.0,0.0,1.0,0.0,0.0,0.0,0.0,1.0,0.0,0.0,1.0,0.0,0.0
-0.8822509047422809,1.6002291078330029,-0.6387713854230747,-0.9585296516233011,-1.2652565919382417,1.7616606585441108,1.2522162492827382,0.39609633948592227,-1.2255387882613067,0.9307294434309393,1.7072024108203496,-0.648049478509684,1.59067792121469,-0.3709434286683375,-0.7846530381007668,0.8301496289240654,-1.0071032837878096,1.129605223311003,1.0,0.0,0.0,0.0,0.0,0.0,0.0,0.0,1.0,0.0,1.0,0.0,0.0,0.0,0.0,0.0,1.0,0.0,0.0,1.0,0.0,0.0,1.0,0.0,0.0
-0.8822509047422809,-1.5257998470035607,-0.5237732086222487,-0.9465659388463996,-1.2652565919382417,-0.5676462121975469,1.2522162492827382,0.39609633948592227,-0.11631774025366513,1.465625429147336,-0.07931185746654404,-0.3112901425155687,1.6503268678867722,-0.6234710752303403,-0.9557650968046792,-0.3114405880681939,-0.9362203674662071,1.236523857192778,0.0,0.0,0.0,0.0,0.0,1.0,0.0,0.0,0.0,1.0,1.0,0.0,0.0,1.0,0.0,0.0,0.0,0.0,0.0,0.0,1.0,1.0,0.0,0.0,0.0
-0.8822509047422809,-1.5257998470035607,-0.5237732086222487,-0.9465659388463996,-1.2652565919382417,-0.5676462121975469,1.2522162492827382,0.39609633948592227,-0.11631774025366513,1.465625429147336,-1.1698527758379913,-0.648049478509684,1.978304118344777,-0.336112029142544,-1.0840991408326137,3.051819484248436,-1.077986200109412,1.236523857192778,0.0,0.0,1.0,0.0,0.0,0.0,1.0,0.0,0.0,0.0,0.0,1.0,0.0,0.0,0.0,1.0,0.0,0.0,1.0,0.0,0.0,0.0,0.0,1.0,0.0
-0.8822509047422809,-1.5257998470035607,-0.5237732086222487,-0.9465659388463996,-1.2652565919382417,-0.5676462121975469,1.2522162492827382,0.39609633948592227,-0.11631774025366513,1.465625429147336,-1.1698527758379913,-0.9848088145037992,-0.47715223008414737,-0.5799318258230984,-0.9557650968046792,0.7258751312214247,-0.9362203674662071,1.236523857192778,0.0,0.0,0.0,1.0,0.0,0.0,0.0,0.0,1.0,0.0,1.0,0.0,0.0,1.0,0.0,0.0,0.0,0.0,0.0,0.0,1.0,1.0,0.0,0.0,0.0
-0.8822509047422809,-1.0047950211974668,-0.40877503182142294,-0.9346022260694982,-1.2652565919382417,-0.5676462121975469,1.2522162492827382,0.39609633948592227,0.9929033077539762,0.9307294434309397,0.6385819129186802,-1.3215681504979144,0.5383953463340142,2.528770581853971,-1.0413211261566355,2.9292402244532423,-0.9007789093054058,1.2138304898228802,0.0,0.0,1.0,0.0,0.0,0.0,1.0,0.0,0.0,0.0,0.0,1.0,0.0,0.0,0.0,0.0,0.0,1.0,0.0,0.0,1.0,0.0,0.0,0.0,1.0
-0.8822509047422809,-1.0047950211974668,-0.40877503182142294,-0.9346022260694982,-1.2652565919382417,-0.5676462121975469,1.2522162492827382,0.39609633948592227,0.9929033077539762,0.9307294434309397,0.6385819129186802,-0.648049478509684,0.7314587116036183,-0.40577482819413097,-0.9557650968046792,0.13015656570346273,-1.0425447419486107,1.2138304898228802,0.0,0.0,0.0,0.0,1.0,0.0,0.0,1.0,0.0,0.0,1.0,0.0,0.0,0.0,0.0,1.0,0.0,0.0,1.0,0.0,0.0,0.0,0.0,1.0,0.0
-0.8822509047422809,-0.48379019539137286,-0.2937768550205971,-0.9226385132925967,-1.2652565919382417,-0.5676462121975469,1.2522162492827382,0.39609633948592227,1.2668582826259769,-0.2711709265841529,-1.1698527758379913,-1.3215681504979144,0.46258482866177664,2.528770581853971,-0.9985431114806574,-0.15193575020954853,-0.8653374511446047,1.0405425308025171,0.0,1.0,0.0,0.0,0.0,0.0,0.0,0.0,1.0,0.0,0.0,0.0,1.0,0.0,0.0,0.0,0.0,1.0,0.0,0.0,1.0,0.0,0.0,0.0,1.0
-0.8822509047422809,-0.48379019539137286,-0.2937768550205971,-0.9226385132925967,-1.2652565919382417,-0.5676462121975469,1.2522162492827382,0.39609633948592227,1.2668582826259769,-0.2711709265841529,-0.4848396361574339,-0.9848088145037992,0.07127604187639494,-0.3622355787868891,-0.9129870821287012,0.3443808311409549,-0.8653374511446047,1.0405425308025171,0.0,0.0,0.0,1.0,0.0,0.0,0.0,0.0,1.0,0.0,0.0,1.0,0.0,0.0,1.0,0.0,0.0,0.0,0.0,1.0,0.0,0.0,1.0,0.0,0.0
-0.8822509047422809,0.037214630414721096,-0.17877867821977125,-0.9106748005156953,-1.2652565919382417,-0.5676462121975469,1.2522162492827382,0.39609633948592227,0.499253500620652,-1.2350201879770537,-1.1698527758379913,-0.648049478509684,2.1420075459646837,-0.336112029142544,-0.8702090674527231,0.6477841330301377,-0.8298959929838035,1.193628459522939,0.0,0.0,0.0,1.0,0.0,0.0,0.0,0.0,1.0,0.0,0.0,1.0,0.0,0.0,1.0,0.0,0.0,0.0,0.0,1.0,0.0,0.0,1.0,0.0,0.0
-0.8822509047422809,0.558219456220815,-0.06378050141894541,-0.8987110877387937,-1.2652565919382417,-0.5676462121975469,1.2522162492827382,0.39609633948592227,-0.7318889811279818,-1.2350201879770537,1.7072024108203496,-0.9848088145037992,0.702896722576663,-0.5799318258230984,-0.9985431114806574,2.724499745815129,-0.7944545348230022,1.0727550196106561,0.0,0.0,1.0,0.0,0.0,0.0,1.0,0.0,0.0,0.0,1.0,0.0,0.0,0.0,1.0,0.0,0.0,0.0,0.0,1.0,0.0,0.0,1.0,0.0,0.0
-0.8822509047422809,1.6002291078330029,0.1662158521827063,-0.8747836621849908,-1.2652565919382417,1.7616606585441108,1.2522162492827382,0.39609633948592227,-1.2255387882613067,0.9307294434309393,1.7072024108203496,-0.9848088145037992,0.308143042935555,-0.11841578210633466,-0.7418750234247887,1.064892030932276,-0.8653374511446047,1.1234934312542473,1.0,0.0,0.0,0.0,0.0,0.0,0.0,0.0,1.0,0.0,0.0,0.0,1.0,1.0,0.0,0.0,0.0,0.0,0.0,0.0,1.0,1.0,0.0,0.0,0.0
-0.8822509047422809,1.6002291078330029,0.1662158521827063,-0.8747836621849908,-1.2652565919382417,1.7616606585441108,1.2522162492827382,0.39609633948592227,-1.2255387882613067,0.9307294434309393,0.6385819129186802,-0.9848088145037992,1.3412713818782676,-0.5102690267715114,-0.8274310527767449,0.3144107844490751,-0.8653374511446047,1.1234934312542473,0.0,0.0,0.0,1.0,0.0,0.0,0.0,0.0,1.0,0.0,0.0,0.0,1.0,1.0,0.0,0.0,0.0,0.0,0.0,0.0,1.0,1.0,0.0,0.0,0.0
-0.8822509047422809,-1.0047950211974668,0.396212205784358,-0.8508562366311879,-1.2652565919382417,-0.5676462121975469,1.2522162492827382,0.39609633948592227,0.9929033077539762,0.9307294434309397,0.6385819129186802,-1.3215681504979144,0.5004772133398884,2.528770581853971,-0.7846530381007668,0.26562466423167874,-0.759013076662201,1.1271570825151602,0.0,0.0,0.0,1.0,0.0,0.0,0.0,0.0,1.0,0.0,0.0,1.0,0.0,0.0,1.0,0.0,0.0,0.0,0.0,1.0,0.0,0.0,1.0,0.0,0.0
-0.8822509047422809,-1.0047950211974668,0.396212205784358,-0.8508562366311879,-1.2652565919382417,-0.5676462121975469,1.2522162492827382,0.39609633948592227,0.9929033077539762,0.9307294434309397,-0.4848396361574339,-0.648049478509684,-0.18116424534308362,-0.5538082761787534,-0.6990970087488105,1.1092211289905576,-0.759013076662201,1.1271570825151602,1.0,0.0,0.0,0.0,0.0,0.0,0.0,0.0,1.0,0.0,0.0,1.0,0.0,0.0,1.0,0.0,0.0,0.0,0.0,1.0,0.0,0.0,1.0,0.0,0.0
-0.8822509047422809,-0.48379019539137286,0.5112103825851838,-0.8388925238542865,-1.2652565919382417,-0.5676462121975469,1.2522162492827382,0.39609633948592227,1.2668582826259769,-0.2711709265841529,1.7072024108203496,-0.9848088145037992,0.7581745355252231,-0.3709434286683375,-0.9129870821287012,-0.27048335365326187,-0.8298959929838035,1.2243800924225239,0.0,0.0,0.0,0.0,1.0,0.0,0.0,1.0,0.0,0.0,0.0,0.0,1.0,0.0,0.0,0.0,0.0,1.0,0.0,0.0,1.0,0.0,0.0,0.0,1.0
-0.8822509047422809,0.037214630414721096,0.6262085593860097,-0.8269288110773849,-1.2652565919382417,-0.5676462121975469,1.2522162492827382,0.39609633948592227,0.499253500620652,-1.2350201879770537,-0.4848396361574339,0.025469193478546592,-0.6793869456124609,-0.2054942809208184,-0.9557650968046792,2.7960078460636084,-0.7944545348230022,1.20211178372203,0.0,0.0,1.0,0.0,0.0,0.0,1.0,0.0,0.0,0.0,1.0,0.0,0.0,0.0,0.0,0.0,0.0,1.0,0.0,0.0,1.0,0.0,0.0,0.0,1.0
-0.8822509047422809,0.558219456220815,0.7412067361868355,-0.8149650983004835,-1.2652565919382417,-0.5676462121975469,1.2522162492827382,0.39609633948592227,-0.7318889811279818,-1.2350201879770537,-0.4848396361574339,-1.3215681504979144,0.5035264136023945,2.528770581853971,-0.7418750234247887,0.34155025961470126,-0.6881301603405985,1.1341269556456763,0.0,0.0,0.0,1.0,0.0,0.0,0.0,0.0,1.0,0.0,0.0,0.0,1.0,0.0,1.0,0.0,0.0,0.0,0.0,1.0,0.0,0.0,1.0,0.0,0.0
-0.8822509047422809,1.079224282026909,0.8562049129876613,-0.803001385523582,-1.2652565919382417,1.7616606585441108,1.2522162492827382,0.39609633948592227,-1.4994937631333074,-0.27117092658415326,-1.1698527758379913,-0.648049478509684,2.1025122770666127,-0.4667297773642696,-0.9557650968046792,0.036898493294208495,-0.6526887021797974,1.0672386570544246,0.0,1.0,0.0,0.0,0.0,0.0,0.0,0.0,1.0,0.0,0.0,1.0,0.0,0.0,1.0,0.0,0.0,0.0,0.0,1.0,0.0,0.0,1.0,0.0,0.0
-0.8822509047422809,1.079224282026909,0.8562049129876613,-0.803001385523582,-1.2652565919382417,1.7616606585441108,1.2522162492827382,0.39609633948592227,-1.4994937631333074,-0.27117092658415326,-0.07931185746654404,-1.3215681504979144,0.47426392721219984,2.528770581853971,-0.9557650968046792,0.036898493294208495,-0.759013076662201,1.0672386570544246,0.0,1.0,0.0,0.0,0.0,0.0,0.0,0.0,1.0,0.0,0.0,0.0,1.0,0.0,0.0,0.0,0.0,1.0,0.0,0.0,1.0,0.0,0.0,0.0,1.0
-0.8822509047422809,1.6002291078330029,0.9712030897884872,-0.7910376727466806,-1.2652565919382417,1.7616606585441108,1.2522162492827382,0.39609633948592227,-1.2255387882613067,0.9307294434309393,-1.1698527758379913,-0.3112901425155687,-0.31589674860896283,-0.5451004262973049,-0.6563189940728325,1.2347321998676537,-1.0071032837878096,0.8466842248741681,1.0,0.0,0.0,0.0,0.0,0.0,0.0,0.0,1.0,0.0,1.0,0.0,0.0,0.0,0.0,1.0,0.0,0.0,1.0,0.0,0.0,0.0,0.0,1.0,0.0
-0.8822509047422809,-1.0047950211974668,1.201199443390139,-0.7671102471928776,-1.2652565919382417,-0.5676462121975469,1.2522162492827382,0.39609633948592227,0.9929033077539762,0.9307294434309397,0.6385819129186802,-0.648049478509684,0.8299188920954436,-0.5363925764158566,-0.6135409793968544,1.4985052867926278,-0.6172472440189961,0.9621485375354657,1.0,0.0,0.0,0.0,0.0,0.0,0.0,0.0,1.0,0.0,0.0,1.0,0.0,0.0,1.0,0.0,0.0,0.0,0.0,1.0,0.0,0.0,1.0,0.0,0.0
-0.8822509047422809,-1.0047950211974668,1.201199443390139,-0.7671102471928776,-1.2652565919382417,-0.5676462121975469,1.2522162492827382,0.39609633948592227,0.9929033077539762,0.9307294434309397,-0.4848396361574339,0.025469193478546592,0.5020449415588433,-0.6321789251117887,-0.8702090674527231,-0.3308284047813665,-0.9716618256270083,0.9621485375354657,0.0,0.0,0.0,0.0,1.0,0.0,0.0,1.0,0.0,0.0,1.0,0.0,0.0,0.0,0.0,0.0,1.0,0.0,0.0,1.0,0.0,0.0,1.0,0.0,0.0
-0.8822509047422809,-1.0047950211974668,1.201199443390139,-0.7671102471928776,-1.2652565919382417,-0.5676462121975469,1.2522162492827382,0.39609633948592227,0.9929033077539762,0.9307294434309397,-0.4848396361574339,-0.3112901425155687,1.110397547442827,-0.5451004262973049,-0.8702090674527231,-0.3308284047813665,-0.7235716185013997,0.9621485375354657,0.0,0.0,0.0,0.0,1.0,0.0,0.0,1.0,0.0,0.0,0.0,1.0,0.0,0.0,0.0,0.0,0.0,1.0,0.0,0.0,1.0,0.0,0.0,0.0,1.0
-0.8822509047422809,-0.48379019539137286,1.3161976201909649,-0.7551465344159761,-1.2652565919382417,-0.5676462121975469,1.2522162492827382,0.39609633948592227,1.2668582826259769,-0.2711709265841529,0.6385819129186802,0.025469193478546592,1.9664464792897554,-0.5102690267715114,-0.7846530381007668,-0.5281122999798594,-0.9362203674662071,0.7529151062129171,0.0,0.0,0.0,0.0,1.0,0.0,0.0,1.0,0.0,0.0,1.0,0.0,0.0,0.0,0.0,0.0,1.0,0.0,0.0,1.0,0.0,0.0,1.0,0.0,0.0
-0.8822509047422809,-0.48379019539137286,1.3161976201909649,-0.7551465344159761,-1.2652565919382417,-0.5676462121975469,1.2522162492827382,0.39609633948592227,1.2668582826259769,-0.2711709265841529,-1.1698527758379913,-0.9848088145037992,-0.24020969081096213,-0.6060553754674436,-0.6990970087488105,0.13931286809645935,-0.7944545348230022,0.7529151062129171,0.0,0.0,0.0,1.0,0.0,0.0,0.0,0.0,1.0,0.0,0.0,0.0,1.0,1.0,0.0,0.0,0.0,0.0,0.0,0.0,1.0,1.0,0.0,0.0,0.0
-0.8822509047422809,0.037214630414721096,1.4311957969917906,-0.7431828216390747,-1.2652565919382417,-0.5676462121975469,1.2522162492827382,0.39609633948592227,0.499253500620652,-1.2350201879770537,-1.1698527758379913,0.025469193478546592,-0.674733676723697,-0.475437627245718,-0.9129870821287012,-0.05825632808055041,-0.759013076662201,0.65449055998982,0.0,0.0,0.0,0.0,0.0,1.0,0.0,0.0,0.0,1.0,0.0,1.0,0.0,1.0,0.0,0.0,0.0,0.0,0.0,0.0,1.0,1.0,0.0,0.0,0.0
-0.8822509047422809,0.037214630414721096,1.4311957969917906,-0.7431828216390747,-1.2652565919382417,-0.5676462121975469,1.2522162492827382,0.39609633948592227,0.499253500620652,-1.2350201879770537,-0.07931185746654404,-0.9848088145037992,1.1702874376709658,-0.4667297773642696,-0.6563189940728325,-0.07714085070629925,-0.9716618256270083,0.65449055998982,0.0,0.0,0.0,1.0,0.0,0.0,0.0,0.0,1.0,0.0,0.0,1.0,0.0,0.0,0.0,1.0,0.0,0.0,1.0,0.0,0.0,0.0,0.0,1.0,0.0
-0.8822509047422809,0.037214630414721096,1.4311957969917906,-0.7431828216390747,-1.2652565919382417,-0.5676462121975469,1.2522162492827382,0.39609633948592227,0.499253500620652,-1.2350201879770537,-0.07931185746654404,-0.648049478509684,0.9108872486723625,-0.5538082761787534,-0.5707629647208763,1.1275937465257666,-0.9007789093054058,0.65449055998982,1.0,0.0,0.0,0.0,0.0,0.0,0.0,0.0,1.0,0.0,0.0,0.0,1.0,0.0,0.0,0.0,1.0,0.0,0.0,1.0,0.0,0.0,1.0,0.0,0.0
-0.8822509047422809,0.558219456220815,1.5461939737926165,-0.7312191088621732,-1.2652565919382417,-0.5676462121975469,1.2522162492827382,0.39609633948592227,-0.7318889811279818,-1.2350201879770537,-0.4848396361574339,-0.648049478509684,-1.3736233813360268,-0.49285332700861473,-0.9129870821287012,2.4294401001674975,-0.8653374511446047,0.7117397367638807,0.0,0.0,1.0,0.0,0.0,0.0,1.0,0.0,0.0,0.0,1.0,0.0,0.0,0.0,0.0,0.0,1.0,0.0,0.0,1.0,0.0,0.0,1.0,0.0,0.0
-0.8822509047422809,0.558219456220815,1.5461939737926165,-0.7312191088621732,-1.2652565919382417,-0.5676462121975469,1.2522162492827382,0.39609633948592227,-0.7318889811279818,-1.2350201879770537,1.7072024108203496,-0.648049478509684,0.043238340642551505,-0.34481987902399236,-0.6135409793968544,0.007437947861578248,-0.6881301603405985,0.7117397367638807,0.0,0.0,0.0,1.0,0.0,0.0,0.0,0.0,1.0,0.0,0.0,0.0,1.0,0.0,0.0,0.0,0.0,1.0,0.0,0.0,1.0,0.0,0.0,0.0,1.0
-0.8822509047422809,1.079224282026909,1.6611921505934424,-0.7192553960852718,-1.2652565919382417,1.7616606585441108,1.2522162492827382,0.39609633948592227,-1.4994937631333074,-0.27117092658415326,1.7072024108203496,0.3622285294726619,-0.1568517220821189,-0.4231905279570277,-0.5279849500448981,0.9681653501234895,-0.9362203674662071,0.7416179567591039,1.0,0.0,0.0,0.0,0.0,0.0,0.0,0.0,1.0,0.0,1.0,0.0,0.0,0.0,0.0,1.0,0.0,0.0,1.0,0.0,0.0,0.0,0.0,1.0,0.0
-0.8822509047422809,1.079224282026909,1.6611921505934424,-0.7192553960852718,-1.2652565919382417,1.7616606585441108,1.2522162492827382,0.39609633948592227,-1.4994937631333074,-0.27117092658415326,0.6385819129186802,-1.3215681504979144,0.3318104411550191,2.528770581853971,-0.8702090674527231,2.0878452715768976,-0.7235716185013997,0.7416179567591039,0.0,0.0,1.0,0.0,0.0,0.0,1.0,0.0,0.0,0.0,0.0,0.0,1.0,1.0,0.0,0.0,0.0,0.0,0.0,0.0,1.0,1.0,0.0,0.0,0.0
-0.8822509047422809,1.079224282026909,1.6611921505934424,-0.7192553960852718,-1.2652565919382417,1.7616606585441108,1.2522162492827382,0.39609633948592227,-1.4994937631333074,-0.27117092658415326,-0.819126048321546,-0.9848088145037992,1.4086770601405616,-0.03133728329185092,-0.7418750234247887,-0.5454806155694456,-0.6526887021797974,0.7416179567591039,0.0,0.0,0.0,0.0,1.0,0.0,0.0,1.0,0.0,0.0,0.0,0.0,1.0,0.0,0.0,0.0,0.0,1.0,0.0,0.0,1.0,0.0,0.0,0.0,1.0
-0.8822509047422809,1.6002291078330029,1.776190327394268,-0.7072916833083703,-1.2652565919382417,1.7616606585441108,1.2522162492827382,0.39609633948592227,-1.2255387882613067,0.9307294434309393,-1.1698527758379913,-0.648049478509684,1.3026709824012872,-0.6234710752303403,-0.6990970087488105,-0.26596491783478593,-0.6881301603405985,0.7747138312153481,0.0,0.0,0.0,0.0,1.0,0.0,0.0,1.0,0.0,0.0,0.0,1.0,0.0,1.0,0.0,0.0,0.0,0.0,0.0,0.0,1.0,1.0,0.0,0.0,0.0
-0.5180258998356672,-1.0047950211974668,-1.5587567998296814,-0.6833642577545673,-0.17420199454222154,-0.5676462121975469,1.0720628695072258,-0.41261567984228487,0.9929033077539762,0.9307294434309397,-0.4848396361574339,0.6989878654667772,-0.5200197660047458,-0.6234710752303403,-0.5707629647208763,0.3033893326404224,-0.6172472440189961,0.8390278000168472,0.0,0.0,0.0,1.0,0.0,0.0,0.0,0.0,1.0,0.0,1.0,0.0,0.0,0.0,0.0,0.0,0.0,1.0,0.0,0.0,1.0,0.0,0.0,0.0,1.0
-0.5180258998356672,-1.0047950211974668,-1.5587567998296814,-0.6833642577545673,-0.17420199454222154,-0.5676462121975469,1.0720628695072258,-0.41261567984228487,0.9929033077539762,0.9307294434309397,-0.07931185746654404,-0.3112901425155687,0.9217637863108584,-0.3709434286683375,-0.48520693536892,0.7698994502771691,-0.5818057858581949,0.8390278000168472,1.0,0.0,0.0,0.0,0.0,0.0,0.0,0.0,1.0,0.0,1.0,0.0,0.0,0.0,1.0,0.0,0.0,0.0,0.0,1.0,0.0,0.0,1.0,0.0,0.0
-0.5180258998356672,-1.0047950211974668,-1.5587567998296814,-0.6833642577545673,-0.17420199454222154,-0.5676462121975469,1.0720628695072258,-0.41261567984228487,0.9929033077539762,0.9307294434309397,-0.4848396361574339,-0.9848088145037992,-0.0021899976655675077,0.09057261504842631,-0.8702090674527231,0.265692544168564,-0.8298959929838035,0.8390278000168472,0.0,0.0,0.0,0.0,0.0,1.0,0.0,0.0,0.0,1.0,0.0,0.0,1.0,0.0,0.0,0.0,1.0,0.0,0.0,1.0,0.0,0.0,1.0,0.0,0.0
-0.5180258998356672,-0.48379019539137286,-1.4437586230288555,-0.6714005449776659,-0.17420199454222154,-0.5676462121975469,1.0720628695072258,-0.41261567984228487,1.2668582826259769,-0.2711709265841529,-0.4848396361574339,-0.9848088145037992,0.7922563863760188,-0.3970669783126826,-0.6563189940728325,-0.06755973260941087,-0.9007789093054058,0.7510985457960491,0.0,0.0,0.0,0.0,1.0,0.0,0.0,1.0,0.0,0.0,0.0,0.0,1.0,0.0,0.0,1.0,0.0,0.0,1.0,0.0,0.0,0.0,0.0,1.0,0.0
-0.5180258998356672,-0.48379019539137286,-1.4437586230288555,-0.6714005449776659,-0.17420199454222154,-0.5676462121975469,1.0720628695072258,-0.41261567984228487,1.2668582826259769,-0.2711709265841529,-0.07931185746654404,-0.9848088145037992,-0.44749762035523677,-0.1706628813950249,-0.6563189940728325,-0.06755973260941087,-0.5463643276973936,0.7510985457960491,0.0,0.0,0.0,0.0,1.0,0.0,0.0,1.0,0.0,0.0,0.0,0.0,1.0,0.0,1.0,0.0,0.0,0.0,0.0,1.0,0.0,0.0,1.0,0.0,0.0
-0.5180258998356672,-0.48379019539137286,-1.4437586230288555,-0.6714005449776659,-0.17420199454222154,-0.5676462121975469,1.0720628695072258,-0.41261567984228487,1.2668582826259769,-0.2711709265841529,0.6385819129186802,-0.648049478509684,-1.0071088039492058,-0.35352772890544076,-0.4424289206929419,0.4717319728715044,-0.6526887021797974,0.7510985457960491,1.0,0.0,0.0,0.0,0.0,0.0,0.0,0.0,1.0,0.0,1.0,0.0,0.0,1.0,0.0,0.0,0.0,0.0,0.0,0.0,1.0,1.0,0.0,0.0,0.0
-0.5180258998356672,0.037214630414721096,-1.3287604462280298,-0.6594368322007644,-0.17420199454222154,-0.5676462121975469,1.0720628695072258,-0.41261567984228487,0.499253500620652,-1.2350201879770537,-0.07931185746654404,-0.9848088145037992,1.3321889349425076,0.029617665878287697,-0.3996509060169638,0.2263820183178361,-0.5818057858581949,0.5318137526168307,1.0,0.0,0.0,0.0,0.0,0.0,0.0,0.0,1.0,0.0,0.0,1.0,0.0,0.0,0.0,0.0,0.0,1.0,0.0,0.0,1.0,0.0,0.0,0.0,1.0
-0.5180258998356672,0.037214630414721096,-1.3287604462280298,-0.6594368322007644,-0.17420199454222154,-0.5676462121975469,1.0720628695072258,-0.41261567984228487,0.499253500620652,-1.2350201879770537,-0.07931185746654404,-0.648049478509684,-0.36720176135917965,-0.21420213080226677,-0.5707629647208763,-0.4086897271379675,-0.5818057858581949,0.5318137526168307,0.0,0.0,0.0,0.0,1.0,0.0,0.0,1.0,0.0,0.0,1.0,0.0,0.0,0.0,0.0,0.0,0.0,1.0,0.0,0.0,1.0,0.0,0.0,0.0,1.0
-0.5180258998356672,1.079224282026909,-1.098764092626378,-0.6355094066469615,-0.17420199454222154,1.7616606585441108,1.0720628695072258,-0.41261567984228487,-1.4994937631333074,-0.27117092658415326,0.6385819129186802,-0.3112901425155687,-0.7245586038692358,-0.3622355787868891,-0.5279849500448981,-0.430212197332803,-0.5109228695365924,0.4856246996394832,0.0,0.0,0.0,0.0,1.0,0.0,0.0,1.0,0.0,0.0,0.0,1.0,0.0,0.0,1.0,0.0,0.0,0.0,0.0,1.0,0.0,0.0,1.0,0.0,0.0
-0.5180258998356672,1.079224282026909,-1.098764092626378,-0.6355094066469615,-0.17420199454222154,1.7616606585441108,1.0720628695072258,-0.41261567984228487,-1.4994937631333074,-0.27117092658415326,0.6385819129186802,-0.3112901425155687,0.3602261520206128,-0.5712239759416501,-0.8274310527767449,2.0667039562663017,-0.5109228695365924,0.4856246996394832,0.0,0.0,1.0,0.0,0.0,0.0,1.0,0.0,0.0,0.0,0.0,0.0,1.0,0.0,1.0,0.0,0.0,0.0,0.0,1.0,0.0,0.0,1.0,0.0,0.0
-0.5180258998356672,1.079224282026909,-1.098764092626378,-0.6355094066469615,-0.17420199454222154,1.7616606585441108,1.0720628695072258,-0.41261567984228487,-1.4994937631333074,-0.27117092658415326,-0.4848396361574339,-1.3215681504979144,0.21981777038578149,2.528770581853971,-0.8702090674527231,-0.6596113860934891,-0.8653374511446047,0.4856246996394832,0.0,1.0,0.0,0.0,0.0,0.0,0.0,0.0,1.0,0.0,0.0,1.0,0.0,0.0,0.0,1.0,0.0,0.0,1.0,0.0,0.0,0.0,0.0,1.0,0.0
-0.5180258998356672,1.079224282026909,-1.098764092626378,-0.6355094066469615,-0.17420199454222154,1.7616606585441108,1.0720628695072258,-0.41261567984228487,-1.4994937631333074,-0.27117092658415326,1.7072024108203496,-0.3112901425155687,-1.8093433597590844,-0.5799318258230984,-0.8274310527767449,0.2410282903165739,-0.5109228695365924,0.4856246996394832,0.0,0.0,0.0,0.0,0.0,1.0,0.0,0.0,0.0,1.0,1.0,0.0,0.0,0.0,1.0,0.0,0.0,0.0,0.0,1.0,0.0,0.0,1.0,0.0,0.0
-0.5180258998356672,1.6002291078330029,-0.9837659158255522,-0.62354569387006,-0.17420199454222154,1.7616606585441108,1.0720628695072258,-0.41261567984228487,-1.2255387882613067,0.9307294434309393,1.7072024108203496,-0.9848088145037992,-0.6104010267408122,-0.35352772890544076,-0.8274310527767449,-0.9534851024276321,-0.7944545348230022,0.3042603020779147,0.0,1.0,0.0,0.0,0.0,0.0,0.0,0.0,1.0,0.0,1.0,0.0,0.0,0.0,0.0,0.0,1.0,0.0,0.0,1.0,0.0,0.0,1.0,0.0,0.0
-0.5180258998356672,1.6002291078330029,-0.9837659158255522,-0.62354569387006,-0.17420199454222154,1.7616606585441108,1.0720628695072258,-0.41261567984228487,-1.2255387882613067,0.9307294434309393,-1.1698527758379913,-0.9848088145037992,-0.6104010267408122,-0.5189768766529599,-0.8274310527767449,-0.9534851024276321,-0.6172472440189961,0.3042603020779147,0.0,1.0,0.0,0.0,0.0,0.0,0.0,0.0,1.0,0.0,0.0,0.0,1.0,1.0,0.0,0.0,0.0,0.0,0.0,0.0,1.0,1.0,0.0,0.0,0.0
-0.5180258998356672,1.6002291078330029,-0.9837659158255522,-0.62354569387006,-0.17420199454222154,1.7616606585441108,1.0720628695072258,-0.41261567984228487,-1.2255387882613067,0.9307294434309393,-0.07931185746654404,1.0357472014608924,-0.42133178824149103,-0.6060553754674436,-0.8274310527767449,-0.9534851024276321,-0.6172472440189961,0.3042603020779147,0.0,1.0,0.0,0.0,0.0,0.0,0.0,0.0,1.0,0.0,1.0,0.0,0.0,1.0,0.0,0.0,0.0,0.0,0.0,0.0,1.0,1.0,0.0,0.0,0.0
-0.5180258998356672,-1.5257998470035607,-0.8687677390247264,-0.6115819810931585,-0.17420199454222154,-0.5676462121975469,1.0720628695072258,-0.41261567984228487,-0.11631774025366513,1.465625429147336,-0.07931185746654404,-0.3112901425155687,1.5310093748956317,-0.40577482819413097,-0.48520693536892,-0.567180920571119,-0.5109228695365924,0.23337882698830797,0.0,0.0,0.0,0.0,1.0,0.0,0.0,1.0,0.0,0.0,0.0,1.0,0.0,0.0,0.0,0.0,0.0,1.0,0.0,0.0,1.0,0.0,0.0,0.0,1.0
-0.5180258998356672,-1.5257998470035607,-0.8687677390247264,-0.6115819810931585,-0.17420199454222154,-0.5676462121975469,1.0720628695072258,-0.41261567984228487,-0.11631774025366513,1.465625429147336,-0.819126048321546,-1.3215681504979144,0.1094645162158032,2.528770581853971,-0.5279849500448981,0.31121073194966425,-0.759013076662201,0.23337882698830797,0.0,0.0,0.0,1.0,0.0,0.0,0.0,0.0,1.0,0.0,0.0,0.0,1.0,0.0,0.0,0.0,1.0,0.0,0.0,1.0,0.0,0.0,1.0,0.0,0.0
-0.5180258998356672,-1.5257998470035607,-0.8687677390247264,-0.6115819810931585,-0.17420199454222154,-0.5676462121975469,1.0720628695072258,-0.41261567984228487,-0.11631774025366513,1.465625429147336,-1.1698527758379913,-0.648049478509684,0.7792949777281114,-0.38835912843123427,-0.48520693536892,-0.567180920571119,-0.8298959929838035,0.23337882698830797,0.0,0.0,0.0,0.0,1.0,0.0,0.0,1.0,0.0,0.0,0.0,0.0,1.0,0.0,0.0,1.0,0.0,0.0,1.0,0.0,0.0,0.0,0.0,1.0,0.0
-0.5180258998356672,-1.5257998470035607,-0.8687677390247264,-0.6115819810931585,-0.17420199454222154,-0.5676462121975469,1.0720628695072258,-0.41261567984228487,-0.11631774025366513,1.465625429147336,-0.07931185746654404,0.025469193478546592,-2.292338117907428,-0.6321789251117887,-0.5279849500448981,0.31121073194966425,-0.8298959929838035,0.23337882698830797,0.0,0.0,0.0,1.0,0.0,0.0,0.0,0.0,1.0,0.0,1.0,0.0,0.0,0.0,0.0,1.0,0.0,0.0,1.0,0.0,0.0,0.0,0.0,1.0,0.0
-0.5180258998356672,-1.5257998470035607,-0.8687677390247264,-0.6115819810931585,-0.17420199454222154,-0.5676462121975469,1.0720628695072258,-0.41261567984228487,-0.11631774025366513,1.465625429147336,-1.1698527758379913,0.3622285294726619,1.5916063255451565,-0.5451004262973049,-0.48520693536892,-0.567180920571119,-0.40459849505418877,0.23337882698830797,0.0,0.0,0.0,0.0,1.0,0.0,0.0,1.0,0.0,0.0,1.0,0.0,0.0,0.0,1.0,0.0,0.0,0.0,0.0,1.0,0.0,0.0,1.0,0.0,0.0
-0.5180258998356672,-1.0047950211974668,-0.7537695622239005,-0.5996182683162571,-0.17420199454222154,-0.5676462121975469,1.0720628695072258,-0.41261567984228487,0.9929033077539762,0.9307294434309397,1.7072024108203496,-0.648049478509684,0.1927226303233492,-0.2054942809208184,-0.4424289206929419,0.31709541835342325,-0.3691570368933875,0.056574468402338624,0.0,0.0,0.0,1.0,0.0,0.0,0.0,0.0,1.0,0.0,0.0,0.0,1.0,0.0,1.0,0.0,0.0,0.0,0.0,1.0,0.0,0.0,1.0,0.0,0.0
-0.5180258998356672,-1.0047950211974668,-0.7537695622239005,-0.5996182683162571,-0.17420199454222154,-0.5676462121975469,1.0720628695072258,-0.41261567984228487,0.9929033077539762,0.9307294434309397,-0.4848396361574339,0.025469193478546592,0.8329505202236064,-0.6408867749932371,-0.35687289134098565,-1.0219382784764957,-0.759013076662201,0.056574468402338624,0.0,0.0,0.0,0.0,1.0,0.0,0.0,1.0,0.0,0.0,0.0,1.0,0.0,0.0,0.0,1.0,0.0,0.0,1.0,0.0,0.0,0.0,0.0,1.0,0.0
-0.5180258998356672,-1.0047950211974668,-0.7537695622239005,-0.5996182683162571,-0.17420199454222154,-0.5676462121975469,1.0720628695072258,-0.41261567984228487,0.9929033077539762,0.9307294434309397,-1.1698527758379913,-0.648049478509684,0.1927226303233492,-0.475437627245718,-0.7846530381007668,2.0907404969679053,-0.4754814113757912,0.056574468402338624,0.0,0.0,1.0,0.0,0.0,0.0,1.0,0.0,0.0,0.0,0.0,0.0,1.0,0.0,0.0,0.0,0.0,1.0,0.0,0.0,1.0,0.0,0.0,0.0,1.0
-0.5180258998356672,0.037214630414721096,-0.5237732086222487,-0.5756908427624542,-0.17420199454222154,-0.5676462121975469,1.0720628695072258,-0.41261567984228487,0.499253500620652,-1.2350201879770537,1.7072024108203496,0.3622285294726619,-1.2260816153007223,-0.4667297773642696,-0.3996509060169638,0.028242397671048806,-0.3337155787325863,-0.17911330669590472,0.0,0.0,0.0,1.0,0.0,0.0,0.0,0.0,1.0,0.0,1.0,0.0,0.0,0.0,1.0,0.0,0.0,0.0,0.0,1.0,0.0,0.0,1.0,0.0,0.0
-0.5180258998356672,0.037214630414721096,-0.5237732086222487,-0.5756908427624542,-0.17420199454222154,-0.5676462121975469,1.0720628695072258,-0.41261567984228487,0.499253500620652,-1.2350201879770537,0.6385819129186802,-1.3215681504979144,-0.07099373585843063,2.528770581853971,-0.7846530381007668,-0.1296526481023534,-0.7235716185013997,-0.17911330669590472,0.0,0.0,0.0,0.0,0.0,1.0,0.0,0.0,0.0,1.0,0.0,1.0,0.0,0.0,0.0,0.0,1.0,0.0,0.0,1.0,0.0,0.0,1.0,0.0,0.0
-0.5180258998356672,0.037214630414721096,-0.5237732086222487,-0.5756908427624542,-0.17420199454222154,-0.5676462121975469,1.0720628695072258,-0.41261567984228487,0.499253500620652,-1.2350201879770537,1.7072024108203496,0.025469193478546592,-1.4283395860465806,-0.2054942809208184,-0.35687289134098565,0.09122371489001672,-0.44003995321498995,-0.17911330669590472,1.0,0.0,0.0,0.0,0.0,0.0,0.0,0.0,1.0,0.0,0.0,1.0,0.0,0.0,0.0,0.0,0.0,1.0,0.0,0.0,1.0,0.0,0.0,0.0,1.0
-0.5180258998356672,0.558219456220815,-0.40877503182142294,-0.5637271299855526,-0.17420199454222154,-0.5676462121975469,1.0720628695072258,-0.41261567984228487,-0.7318889811279818,-1.2350201879770537,0.6385819129186802,-0.3112901425155687,0.47731721359153606,-0.3012806296167505,-0.7418750234247887,1.7670360470752742,-0.40459849505418877,-0.21967351650034275,0.0,0.0,1.0,0.0,0.0,0.0,1.0,0.0,0.0,0.0,0.0,0.0,1.0,0.0,0.0,0.0,0.0,1.0,0.0,0.0,1.0,0.0,0.0,0.0,1.0
-0.5180258998356672,1.079224282026909,-0.2937768550205971,-0.5517634172086512,-0.17420199454222154,1.7616606585441108,1.0720628695072258,-0.41261567984228487,-1.4994937631333074,-0.27117092658415326,0.6385819129186802,-0.648049478509684,-0.27653947855400135,-0.5538082761787534,-0.6990970087488105,1.3689540325931966,-0.2982741205717851,-0.31158929807246816,0.0,0.0,1.0,0.0,0.0,0.0,1.0,0.0,0.0,0.0,0.0,0.0,1.0,0.0,1.0,0.0,0.0,0.0,0.0,1.0,0.0,0.0,1.0,0.0,0.0
-0.5180258998356672,1.6002291078330029,-0.17877867821977125,-0.5397997044317497,-0.17420199454222154,1.7616606585441108,1.0720628695072258,-0.41261567984228487,-1.2255387882613067,0.9307294434309393,-0.819126048321546,-0.648049478509684,1.7009013480461532,-0.5189768766529599,-0.6563189940728325,1.6350282603322737,-0.3691570368933875,-0.217966568895362,0.0,0.0,1.0,0.0,0.0,0.0,1.0,0.0,0.0,0.0,0.0,0.0,1.0,0.0,0.0,0.0,0.0,1.0,0.0,0.0,1.0,0.0,0.0,0.0,1.0
-0.5180258998356672,1.6002291078330029,-0.17877867821977125,-0.5397997044317497,-0.17420199454222154,1.7616606585441108,1.0720628695072258,-0.41261567984228487,-1.2255387882613067,0.9307294434309393,-1.1698527758379913,-0.9848088145037992,-1.0074144632210837,-0.5799318258230984,-0.3140948766650075,-1.2179517814601026,-0.26283266241098385,-0.217966568895362,0.0,0.0,0.0,0.0,1.0,0.0,0.0,1.0,0.0,0.0,0.0,1.0,0.0,0.0,1.0,0.0,0.0,0.0,0.0,1.0,0.0,0.0,1.0,0.0,0.0
-0.5180258998356672,-0.48379019539137286,0.1662158521827063,-0.5039085661010454,-0.17420199454222154,-0.5676462121975469,1.0720628695072258,-0.41261567984228487,1.2668582826259769,-0.2711709265841529,0.6385819129186802,0.3622285294726619,-1.4676665424147208,-0.5712239759416501,-0.7418750234247887,-0.39896680999655726,-0.7235716185013997,-0.15001102941409755,0.0,0.0,0.0,0.0,0.0,1.0,0.0,0.0,0.0,1.0,1.0,0.0,0.0,0.0,0.0,1.0,0.0,0.0,1.0,0.0,0.0,0.0,0.0,1.0,0.0
-0.5180258998356672,-0.48379019539137286,0.1662158521827063,-0.5039085661010454,-0.17420199454222154,-0.5676462121975469,1.0720628695072258,-0.41261567984228487,1.2668582826259769,-0.2711709265841529,-1.1698527758379913,-0.3112901425155687,1.736118811822366,-0.6234710752303403,-0.6135409793968544,1.663561167530539,-0.5463643276973936,-0.15001102941409755,0.0,0.0,1.0,0.0,0.0,0.0,1.0,0.0,0.0,0.0,0.0,0.0,1.0,1.0,0.0,0.0,0.0,0.0,0.0,0.0,1.0,1.0,0.0,0.0,0.0
-0.5180258998356672,0.037214630414721096,0.28121402898353215,-0.4919448533241439,-0.17420199454222154,-0.5676462121975469,1.0720628695072258,-0.41261567984228487,0.499253500620652,-1.2350201879770537,1.7072024108203496,-0.9848088145037992,0.2813156996744367,-0.4841454771271664,-0.6990970087488105,-0.4705646444659353,-0.5109228695365924,-0.08362671627922355,0.0,0.0,0.0,0.0,0.0,1.0,0.0,0.0,0.0,1.0,0.0,0.0,1.0,1.0,0.0,0.0,0.0,0.0,0.0,0.0,1.0,1.0,0.0,0.0,0.0
-0.5180258998356672,0.037214630414721096,0.28121402898353215,-0.4919448533241439,-0.17420199454222154,-0.5676462121975469,1.0720628695072258,-0.41261567984228487,0.499253500620652,-1.2350201879770537,-0.4848396361574339,-0.3112901425155687,-0.4152994490982078,-0.4493140776013729,-0.5707629647208763,1.9004387665471874,-0.22739120425018264,-0.08362671627922355,0.0,0.0,1.0,0.0,0.0,0.0,1.0,0.0,0.0,0.0,0.0,1.0,0.0,0.0,1.0,0.0,0.0,0.0,0.0,1.0,0.0,0.0,1.0,0.0,0.0
-0.5180258998356672,0.037214630414721096,0.28121402898353215,-0.4919448533241439,-0.17420199454222154,-0.5676462121975469,1.0720628695072258,-0.41261567984228487,0.499253500620652,-1.2350201879770537,-1.1698527758379913,-0.9848088145037992,0.48794136746297856,-0.336112029142544,-0.5707629647208763,1.9004387665471874,-0.5109228695365924,-0.08362671627922355,0.0,0.0,1.0,0.0,0.0,0.0,1.0,0.0,0.0,0.0,0.0,0.0,1.0,1.0,0.0,0.0,0.0,0.0,0.0,0.0,1.0,1.0,0.0,0.0,0.0
-0.5180258998356672,0.558219456220815,0.396212205784358,-0.4799811405472424,-0.17420199454222154,-0.5676462121975469,1.0720628695072258,-0.41261567984228487,-0.7318889811279818,-1.2350201879770537,1.7072024108203496,-0.648049478509684,0.9152478552977699,-0.6408867749932371,-0.35687289134098565,-0.11274180156074912,-0.6881301603405985,0.1016781967652877,0.0,0.0,0.0,1.0,0.0,0.0,0.0,0.0,1.0,0.0,0.0,0.0,1.0,0.0,0.0,1.0,0.0,0.0,1.0,0.0,0.0,0.0,0.0,1.0,0.0
-0.5180258998356672,1.079224282026909,0.5112103825851838,-0.46801742777034094,-0.17420199454222154,1.7616606585441108,1.0720628695072258,-0.41261567984228487,-1.4994937631333074,-0.27117092658415326,-0.819126048321546,-0.9848088145037992,-1.077443247363104,-0.2751570799724054,-0.27131686198902943,-1.0542359806754422,-0.44003995321498995,0.15671381956450367,0.0,0.0,0.0,0.0,1.0,0.0,0.0,1.0,0.0,0.0,1.0,0.0,0.0,1.0,0.0,0.0,0.0,0.0,0.0,0.0,1.0,1.0,0.0,0.0,0.0
-0.5180258998356672,1.6002291078330029,0.6262085593860097,-0.4560537149934395,-0.17420199454222154,1.7616606585441108,1.0720628695072258,-0.41261567984228487,-1.2255387882613067,0.9307294434309393,0.6385819129186802,-0.648049478509684,0.20122019150923276,-0.21420213080226677,-0.6563189940728325,-0.24616086463420184,-0.6881301603405985,0.08376772748660585,0.0,0.0,0.0,0.0,0.0,1.0,0.0,0.0,0.0,1.0,0.0,1.0,0.0,0.0,0.0,0.0,1.0,0.0,0.0,1.0,0.0,0.0,1.0,0.0,0.0
-0.5180258998356672,1.6002291078330029,0.6262085593860097,-0.4560537149934395,-0.17420199454222154,1.7616606585441108,1.0720628695072258,-0.41261567984228487,-1.2255387882613067,0.9307294434309393,1.7072024108203496,-0.648049478509684,-0.5072106694800558,-0.49285332700861473,-0.2285388473130513,-1.2245026075722296,-0.6526887021797974,0.08376772748660585,0.0,0.0,0.0,0.0,1.0,0.0,0.0,1.0,0.0,0.0,0.0,0.0,1.0,0.0,0.0,1.0,0.0,0.0,1.0,0.0,0.0,0.0,0.0,1.0,0.0
-0.5180258998356672,-1.5257998470035607,0.7412067361868355,-0.444090002216538,-0.17420199454222154,-0.5676462121975469,1.0720628695072258,-0.41261567984228487,-0.11631774025366513,1.465625429147336,1.7072024108203496,-0.648049478509684,0.7418298841181,-0.31869632937964726,-0.6135409793968544,0.004419304234014913,-0.6526887021797974,0.11348583947493722,0.0,0.0,0.0,0.0,0.0,1.0,0.0,0.0,0.0,1.0,1.0,0.0,0.0,0.0,0.0,0.0,1.0,0.0,0.0,1.0,0.0,0.0,1.0,0.0,0.0
-0.5180258998356672,-1.5257998470035607,0.7412067361868355,-0.444090002216538,-0.17420199454222154,-0.5676462121975469,1.0720628695072258,-0.41261567984228487,-0.11631774025366513,1.465625429147336,-0.4848396361574339,0.3622285294726619,-0.542201051424986,-0.5538082761787534,-0.48520693536892,2.1885451798493762,-0.19194974608938142,0.11348583947493722,0.0,0.0,1.0,0.0,0.0,0.0,1.0,0.0,0.0,0.0,0.0,1.0,0.0,0.0,1.0,0.0,0.0,0.0,0.0,1.0,0.0,0.0,1.0,0.0,0.0
-0.5180258998356672,-1.0047950211974668,0.8562049129876613,-0.43212628943963655,-0.17420199454222154,-0.5676462121975469,1.0720628695072258,-0.41261567984228487,0.9929033077539762,0.9307294434309397,0.6385819129186802,-0.648049478509684,-0.33119634672098774,-0.15324718163212814,-0.1857608326370732,-1.2997591375279163,-0.40459849505418877,0.08026873470932801,0.0,0.0,0.0,0.0,1.0,0.0,0.0,1.0,0.0,0.0,0.0,1.0,0.0,1.0,0.0,0.0,0.0,0.0,0.0,0.0,1.0,1.0,0.0,0.0,0.0
-0.5180258998356672,-1.0047950211974668,0.8562049129876613,-0.43212628943963655,-0.17420199454222154,-0.5676462121975469,1.0720628695072258,-0.41261567984228487,0.9929033077539762,0.9307294434309397,-1.1698527758379913,-0.3112901425155687,1.1792064693682978,-0.6408867749932371,-0.3140948766650075,0.34718642262443106,-0.40459849505418877,0.08026873470932801,1.0,0.0,0.0,0.0,0.0,0.0,0.0,0.0,1.0,0.0,1.0,0.0,0.0,1.0,0.0,0.0,0.0,0.0,0.0,0.0,1.0,1.0,0.0,0.0,0.0
-0.5180258998356672,-1.0047950211974668,0.8562049129876613,-0.43212628943963655,-0.17420199454222154,-0.5676462121975469,1.0720628695072258,-0.41261567984228487,0.9929033077539762,0.9307294434309397,-0.4848396361574339,-0.648049478509684,-0.685411777215632,0.003494116233942577,-0.6990970087488105,-1.0941134480447292,-0.3337155787325863,0.08026873470932801,0.0,1.0,0.0,0.0,0.0,0.0,0.0,0.0,1.0,0.0,0.0,0.0,1.0,0.0,0.0,0.0,0.0,1.0,0.0,0.0,1.0,0.0,0.0,0.0,1.0
-0.5180258998356672,-0.48379019539137286,0.9712030897884872,-0.4201625766627351,-0.17420199454222154,-0.5676462121975469,1.0720628695072258,-0.41261567984228487,1.2668582826259769,-0.2711709265841529,-0.819126048321546,-0.648049478509684,-1.789533991916825,-0.6147632253488919,-0.4424289206929419,1.842053406099736,-0.6172472440189961,-0.05245940941744278,0.0,0.0,1.0,0.0,0.0,0.0,1.0,0.0,0.0,0.0,1.0,0.0,0.0,0.0,0.0,1.0,0.0,0.0,1.0,0.0,0.0,0.0,0.0,1.0,0.0
-0.5180258998356672,0.037214630414721096,1.086201266589313,-0.4081988638858336,-0.17420199454222154,-0.5676462121975469,1.0720628695072258,-0.41261567984228487,0.499253500620652,-1.2350201879770537,1.7072024108203496,-0.648049478509684,0.13718795303181097,-0.30998847949819885,-0.6563189940728325,-1.053412141576469,-0.1565082879285802,-0.12114344791682197,0.0,1.0,0.0,0.0,0.0,0.0,0.0,0.0,1.0,0.0,0.0,0.0,1.0,0.0,1.0,0.0,0.0,0.0,0.0,1.0,0.0,0.0,1.0,0.0,0.0
-0.5180258998356672,0.558219456220815,1.201199443390139,-0.39623515110893215,-0.17420199454222154,-0.5676462121975469,1.0720628695072258,-0.41261567984228487,-0.7318889811279818,-1.2350201879770537,0.6385819129186802,-0.648049478509684,-1.0764444224183554,-0.38835912843123427,-0.3140948766650075,0.029636910870340982,-0.12106682976777898,-0.03755095924957073,0.0,0.0,0.0,1.0,0.0,0.0,0.0,0.0,1.0,0.0,0.0,0.0,1.0,0.0,1.0,0.0,0.0,0.0,0.0,1.0,0.0,0.0,1.0,0.0,0.0
-0.5180258998356672,0.558219456220815,1.201199443390139,-0.39623515110893215,-0.17420199454222154,-0.5676462121975469,1.0720628695072258,-0.41261567984228487,-0.7318889811279818,-1.2350201879770537,-1.1698527758379913,-0.9848088145037992,1.12461616707243,0.18635896374435842,-0.3996509060169638,1.5767959481973581,-0.12106682976777898,-0.03755095924957073,0.0,0.0,1.0,0.0,0.0,0.0,1.0,0.0,0.0,0.0,0.0,1.0,0.0,0.0,1.0,0.0,0.0,0.0,0.0,1.0,0.0,0.0,1.0,0.0,0.0
-0.5180258998356672,1.079224282026909,1.3161976201909649,-0.3842714383320307,-0.17420199454222154,1.7616606585441108,1.0720628695072258,-0.41261567984228487,-1.4994937631333074,-0.27117092658415326,-0.07931185746654404,-0.648049478509684,0.7273051773121034,-0.4493140776013729,-0.14298281796109508,-1.4117873456628194,-0.3337155787325863,0.06700496023695102,0.0,0.0,0.0,0.0,1.0,0.0,0.0,1.0,0.0,0.0,0.0,1.0,0.0,1.0,0.0,0.0,0.0,0.0,0.0,0.0,1.0,1.0,0.0,0.0,0.0
-0.5180258998356672,1.6002291078330029,1.4311957969917906,-0.3723077255551292,-0.17420199454222154,1.7616606585441108,1.0720628695072258,-0.41261567984228487,-1.2255387882613067,0.9307294434309393,0.6385819129186802,-0.3112901425155687,0.8430065503942576,-0.5886396757045469,-0.27131686198902943,0.26250079155004086,-0.2982741205717851,-0.015776775451758752,0.0,0.0,0.0,1.0,0.0,0.0,0.0,0.0,1.0,0.0,0.0,1.0,0.0,1.0,0.0,0.0,0.0,0.0,0.0,0.0,1.0,1.0,0.0,0.0,0.0
-0.5180258998356672,1.6002291078330029,1.4311957969917906,-0.3723077255551292,-0.17420199454222154,1.7616606585441108,1.0720628695072258,-0.41261567984228487,-1.2255387882613067,0.9307294434309393,-1.1698527758379913,0.025469193478546592,-0.2866377254759984,-0.5102690267715114,-0.6135409793968544,-0.7143356310866272,-0.2982741205717851,-0.015776775451758752,0.0,1.0,0.0,0.0,0.0,0.0,0.0,0.0,1.0,0.0,0.0,0.0,1.0,0.0,0.0,0.0,0.0,1.0,0.0,0.0,1.0,0.0,0.0,0.0,1.0
-0.5180258998356672,-1.0047950211974668,1.6611921505934424,-0.3483803000013263,-0.17420199454222154,-0.5676462121975469,1.0720628695072258,-0.41261567984228487,0.9929033077539762,0.9307294434309397,-1.1698527758379913,-0.648049478509684,-0.7202312026892205,-0.41448267807557937,-0.2285388473130513,0.06271685929131345,-0.6172472440189961,-0.031157783718276953,0.0,0.0,0.0,1.0,0.0,0.0,0.0,0.0,1.0,0.0,0.0,0.0,1.0,0.0,0.0,0.0,1.0,0.0,0.0,1.0,0.0,0.0,1.0,0.0,0.0
-0.5180258998356672,-1.0047950211974668,1.6611921505934424,-0.3483803000013263,-0.17420199454222154,-0.5676462121975469,1.0720628695072258,-0.41261567984228487,0.9929033077539762,0.9307294434309397,-0.819126048321546,0.025469193478546592,0.26062576196174747,-0.5886396757045469,-0.35687289134098565,1.597272647146658,-0.26283266241098385,-0.031157783718276953,0.0,0.0,1.0,0.0,0.0,0.0,1.0,0.0,0.0,0.0,1.0,0.0,0.0,1.0,0.0,0.0,0.0,0.0,0.0,0.0,1.0,1.0,0.0,0.0,0.0
-0.15380089492905338,0.037214630414721096,-1.5587567998296814,-0.32445287444752335,-0.17420199454222154,-0.5676462121975469,0.5798746828052749,-1.004633966682157,0.499253500620652,-1.2350201879770537,-1.1698527758379913,-0.648049478509684,-0.343335257758104,-0.49285332700861473,-0.27131686198902943,0.09524395232711874,-0.05018391344617653,0.04142270046346415,1.0,0.0,0.0,0.0,0.0,0.0,0.0,0.0,1.0,0.0,0.0,1.0,0.0,0.0,1.0,0.0,0.0,0.0,0.0,1.0,0.0,0.0,1.0,0.0,0.0
-0.15380089492905338,0.037214630414721096,-1.5587567998296814,-0.32445287444752335,-0.17420199454222154,-0.5676462121975469,0.5798746828052749,-1.004633966682157,0.499253500620652,-1.2350201879770537,-0.4848396361574339,-0.648049478509684,-0.343335257758104,-0.49285332700861473,-0.27131686198902943,0.09524395232711874,-0.26283266241098385,0.04142270046346415,1.0,0.0,0.0,0.0,0.0,0.0,0.0,0.0,1.0,0.0,0.0,1.0,0.0,0.0,0.0,0.0,0.0,1.0,0.0,0.0,1.0,0.0,0.0,0.0,1.0
-0.15380089492905338,0.037214630414721096,-1.5587567998296814,-0.32445287444752335,-0.17420199454222154,-0.5676462121975469,0.5798746828052749,-1.004633966682157,0.499253500620652,-1.2350201879770537,1.7072024108203496,-0.9848088145037992,-0.9128491565302065,-0.44060622771992447,-0.27131686198902943,0.09524395232711874,-0.5818057858581949,0.04142270046346415,1.0,0.0,0.0,0.0,0.0,0.0,0.0,0.0,1.0,0.0,0.0,0.0,1.0,0.0,0.0,0.0,1.0,0.0,0.0,1.0,0.0,0.0,1.0,0.0,0.0
-0.15380089492905338,0.037214630414721096,-1.5587567998296814,-0.32445287444752335,-0.17420199454222154,-0.5676462121975469,0.5798746828052749,-1.004633966682157,0.499253500620652,-1.2350201879770537,-0.4848396361574339,-0.3112901425155687,-0.5360768370446551,-0.40577482819413097,-0.5707629647208763,0.17680724558948463,-0.5818057858581949,0.04142270046346415,0.0,0.0,0.0,0.0,0.0,1.0,0.0,0.0,0.0,1.0,1.0,0.0,0.0,0.0,0.0,1.0,0.0,0.0,1.0,0.0,0.0,0.0,0.0,1.0,0.0
-0.15380089492905338,0.037214630414721096,-1.5587567998296814,-0.32445287444752335,-0.17420199454222154,-0.5676462121975469,0.5798746828052749,-1.004633966682157,0.499253500620652,-1.2350201879770537,-0.07931185746654404,-0.648049478509684,0.5422033184785072,-0.022629433410402543,-0.1857608326370732,0.24601193456054907,-0.5818057858581949,0.04142270046346415,0.0,0.0,0.0,1.0,0.0,0.0,0.0,0.0,1.0,0.0,0.0,1.0,0.0,0.0,0.0,0.0,1.0,0.0,0.0,1.0,0.0,0.0,1.0,0.0,0.0
-0.15380089492905338,0.558219456220815,-1.4437586230288555,-0.31248916167062185,-0.17420199454222154,-0.5676462121975469,0.5798746828052749,-1.004633966682157,-0.7318889811279818,-1.2350201879770537,-0.07931185746654404,0.025469193478546592,0.5236343655847577,-0.31869632937964726,-0.14298281796109508,-0.26930422595009035,-0.5463643276973936,-0.08255663043804808,1.0,0.0,0.0,0.0,0.0,0.0,0.0,0.0,1.0,0.0,0.0,1.0,0.0,0.0,0.0,1.0,0.0,0.0,1.0,0.0,0.0,0.0,0.0,1.0,0.0
-0.15380089492905338,0.558219456220815,-1.4437586230288555,-0.31248916167062185,-0.17420199454222154,-0.5676462121975469,0.5798746828052749,-1.004633966682157,-0.7318889811279818,-1.2350201879770537,-0.819126048321546,-0.648049478509684,1.21189215348055,-0.5886396757045469,-0.14298281796109508,0.08851548209754678,-0.22739120425018264,-0.08255663043804808,0.0,0.0,0.0,1.0,0.0,0.0,0.0,0.0,1.0,0.0,0.0,1.0,0.0,1.0,0.0,0.0,0.0,0.0,0.0,0.0,1.0,1.0,0.0,0.0,0.0
-0.15380089492905338,0.558219456220815,-1.4437586230288555,-0.31248916167062185,-0.17420199454222154,-0.5676462121975469,0.5798746828052749,-1.004633966682157,-0.7318889811279818,-1.2350201879770537,-0.4848396361574339,0.025469193478546592,0.5236343655847577,-0.41448267807557937,-0.3140948766650075,1.5680943322229113,-0.22739120425018264,-0.08255663043804808,0.0,0.0,1.0,0.0,0.0,0.0,1.0,0.0,0.0,0.0,0.0,0.0,1.0,0.0,0.0,0.0,0.0,1.0,0.0,0.0,1.0,0.0,0.0,0.0,1.0
-0.15380089492905338,-1.5257998470035607,-1.098764092626378,-0.27659802333991745,-0.17420199454222154,-0.5676462121975469,0.5798746828052749,-1.004633966682157,-0.11631774025366513,1.465625429147336,-0.07931185746654404,-0.3112901425155687,0.346442754967571,-0.40577482819413097,-0.10020480328511694,-0.17277977332057282,-0.014742455285375308,-0.13155197358869386,1.0,0.0,0.0,0.0,0.0,0.0,0.0,0.0,1.0,0.0,0.0,0.0,1.0,0.0,1.0,0.0,0.0,0.0,0.0,1.0,0.0,0.0,1.0,0.0,0.0
-0.15380089492905338,-0.48379019539137286,-0.8687677390247264,-0.25267059778611456,-0.17420199454222154,-0.5676462121975469,0.5798746828052749,-1.004633966682157,1.2668582826259769,-0.2711709265841529,-1.1698527758379913,-0.648049478509684,1.0173792440472265,-0.475437627245718,-0.5707629647208763,-0.5234394377029543,-0.19194974608938142,-0.13825542972390836,0.0,1.0,0.0,0.0,0.0,0.0,0.0,0.0,1.0,0.0,0.0,0.0,1.0,1.0,0.0,0.0,0.0,0.0,0.0,0.0,1.0,1.0,0.0,0.0,0.0
-0.15380089492905338,-0.48379019539137286,-0.8687677390247264,-0.25267059778611456,-0.17420199454222154,-0.5676462121975469,0.5798746828052749,-1.004633966682157,1.2668582826259769,-0.2711709265841529,1.7072024108203496,0.3622285294726619,0.022609702544779942,-0.2751570799724054,-0.10020480328511694,-0.09561654873258525,0.020699002875425913,-0.13825542972390836,0.0,0.0,0.0,1.0,0.0,0.0,0.0,0.0,1.0,0.0,1.0,0.0,0.0,0.0,1.0,0.0,0.0,0.0,0.0,1.0,0.0,0.0,1.0,0.0,0.0
-0.15380089492905338,-0.48379019539137286,-0.8687677390247264,-0.25267059778611456,-0.17420199454222154,-0.5676462121975469,0.5798746828052749,-1.004633966682157,1.2668582826259769,-0.2711709265841529,-1.1698527758379913,-0.3112901425155687,1.2744253554006373,-0.4841454771271664,-0.5707629647208763,-0.5234394377029543,-0.5109228695365924,-0.13825542972390836,0.0,1.0,0.0,0.0,0.0,0.0,0.0,0.0,1.0,0.0,0.0,0.0,1.0,0.0,0.0,1.0,0.0,0.0,1.0,0.0,0.0,0.0,0.0,1.0,0.0
-0.15380089492905338,0.558219456220815,-0.6387713854230747,-0.2287431722323116,-0.17420199454222154,-0.5676462121975469,0.5798746828052749,-1.004633966682157,-0.7318889811279818,-1.2350201879770537,-0.4848396361574339,0.025469193478546592,0.9252424047625767,-0.6321789251117887,-0.27131686198902943,1.4549230705925142,-0.19194974608938142,-0.13046235165259226,0.0,0.0,1.0,0.0,0.0,0.0,1.0,0.0,0.0,0.0,0.0,0.0,1.0,0.0,0.0,0.0,0.0,1.0,0.0,0.0,1.0,0.0,0.0,0.0,1.0
-0.15380089492905338,0.558219456220815,-0.6387713854230747,-0.2287431722323116,-0.17420199454222154,-0.5676462121975469,0.5798746828052749,-1.004633966682157,-0.7318889811279818,-1.2350201879770537,-0.07931185746654404,-0.3112901425155687,-0.8930133199154849,-0.4841454771271664,-0.10020480328511694,-1.6087170551630365,-0.1565082879285802,-0.13046235165259226,0.0,0.0,0.0,0.0,1.0,0.0,0.0,1.0,0.0,0.0,0.0,0.0,1.0,1.0,0.0,0.0,0.0,0.0,0.0,0.0,1.0,1.0,0.0,0.0,0.0
-0.15380089492905338,0.558219456220815,-0.6387713854230747,-0.2287431722323116,-0.17420199454222154,-0.5676462121975469,0.5798746828052749,-1.004633966682157,-0.7318889811279818,-1.2350201879770537,0.6385819129186802,-0.648049478509684,-1.1054780972479827,-0.3622355787868891,-0.27131686198902943,1.4549230705925142,-0.4754814113757912,-0.13046235165259226,0.0,0.0,1.0,0.0,0.0,0.0,1.0,0.0,0.0,0.0,0.0,0.0,1.0,0.0,0.0,1.0,0.0,0.0,1.0,0.0,0.0,0.0,0.0,1.0,0.0
-0.15380089492905338,1.079224282026909,-0.5237732086222487,-0.21677945945541013,-0.17420199454222154,1.7616606585441108,0.5798746828052749,-1.004633966682157,-1.4994937631333074,-0.27117092658415326,-0.07931185746654404,0.025469193478546592,0.24162534544112044,-0.4493140776013729,-0.05742678860913883,-1.5544150500176415,0.056140461036227135,-0.10933398275884468,0.0,0.0,0.0,0.0,1.0,0.0,0.0,1.0,0.0,0.0,0.0,1.0,0.0,0.0,1.0,0.0,0.0,0.0,0.0,1.0,0.0,0.0,1.0,0.0,0.0
-0.15380089492905338,1.6002291078330029,-0.40877503182142294,-0.2048157466785087,-0.17420199454222154,1.7616606585441108,0.5798746828052749,-1.004633966682157,-1.2255387882613067,0.9307294434309393,-0.4848396361574339,0.025469193478546592,0.09899447322041237,-0.5276847265344082,-0.014648773933160712,-1.5793689195543799,-0.12106682976777898,-0.12941423912358013,0.0,0.0,0.0,0.0,1.0,0.0,0.0,1.0,0.0,0.0,0.0,1.0,0.0,1.0,0.0,0.0,0.0,0.0,0.0,0.0,1.0,1.0,0.0,0.0,0.0
-0.15380089492905338,-1.5257998470035607,-0.2937768550205971,-0.1928520339016072,-0.17420199454222154,-0.5676462121975469,0.5798746828052749,-1.004633966682157,-0.11631774025366513,1.465625429147336,0.6385819129186802,0.025469193478546592,-0.18134058422082447,-0.29257277973530216,-0.05742678860913883,-0.1923807561727201,-0.08562537160697775,-0.14930416130476493,1.0,0.0,0.0,0.0,0.0,0.0,0.0,0.0,1.0,0.0,1.0,0.0,0.0,1.0,0.0,0.0,0.0,0.0,0.0,0.0,1.0,1.0,0.0,0.0,0.0
-0.15380089492905338,-1.5257998470035607,-0.2937768550205971,-0.1928520339016072,-0.17420199454222154,-0.5676462121975469,0.5798746828052749,-1.004633966682157,-0.11631774025366513,1.465625429147336,-0.07931185746654404,0.6989878654667772,-1.505489736606341,-0.4231905279570277,0.028129240742817405,-1.6032015634096444,-0.08562537160697775,-0.14930416130476493,0.0,0.0,0.0,0.0,1.0,0.0,0.0,1.0,0.0,0.0,1.0,0.0,0.0,1.0,0.0,0.0,0.0,0.0,0.0,0.0,1.0,1.0,0.0,0.0,0.0
-0.15380089492905338,-1.0047950211974668,-0.17877867821977125,-0.18088832112470574,-0.17420199454222154,-0.5676462121975469,0.5798746828052749,-1.004633966682157,0.9929033077539762,0.9307294434309397,-1.1698527758379913,-0.3112901425155687,0.9543799297054093,0.1950668136258068,-0.5279849500448981,0.32542654436081675,-0.1565082879285802,-0.17521934001735462,0.0,0.0,0.0,0.0,0.0,1.0,0.0,0.0,0.0,1.0,0.0,0.0,1.0,0.0,0.0,0.0,0.0,1.0,0.0,0.0,1.0,0.0,0.0,0.0,1.0
-0.15380089492905338,-0.48379019539137286,-0.06378050141894541,-0.16892460834780426,-0.17420199454222154,-0.5676462121975469,0.5798746828052749,-1.004633966682157,1.2668582826259769,-0.2711709265841529,0.6385819129186802,0.025469193478546592,-0.03207381864486074,-0.5363925764158566,-0.1857608326370732,1.4175042201224743,-0.014742455285375308,-0.10192087612540858,0.0,0.0,1.0,0.0,0.0,0.0,1.0,0.0,0.0,0.0,1.0,0.0,0.0,1.0,0.0,0.0,0.0,0.0,0.0,0.0,1.0,1.0,0.0,0.0,0.0
-0.15380089492905338,-0.48379019539137286,-0.06378050141894541,-0.16892460834780426,-0.17420199454222154,-0.5676462121975469,0.5798746828052749,-1.004633966682157,1.2668582826259769,-0.2711709265841529,-0.819126048321546,-0.3112901425155687,0.6644831930550665,-0.2403256804466119,-0.05742678860913883,0.0003312432813208555,-0.5109228695365924,-0.10192087612540858,0.0,0.0,0.0,1.0,0.0,0.0,0.0,0.0,1.0,0.0,0.0,0.0,1.0,0.0,0.0,0.0,1.0,0.0,0.0,1.0,0.0,0.0,1.0,0.0,0.0
-0.15380089492905338,-0.48379019539137286,-0.06378050141894541,-0.16892460834780426,-0.17420199454222154,-0.5676462121975469,0.5798746828052749,-1.004633966682157,1.2668582826259769,-0.2711709265841529,-1.1698527758379913,-0.3112901425155687,-0.7302400645175959,-0.336112029142544,-0.1857608326370732,1.4175042201224743,-0.5109228695365924,-0.10192087612540858,0.0,0.0,1.0,0.0,0.0,0.0,1.0,0.0,0.0,0.0,0.0,0.0,1.0,0.0,0.0,0.0,1.0,0.0,0.0,1.0,0.0,0.0,1.0,0.0,0.0
-0.15380089492905338,-0.48379019539137286,-0.06378050141894541,-0.16892460834780426,-0.17420199454222154,-0.5676462121975469,0.5798746828052749,-1.004633966682157,1.2668582826259769,-0.2711709265841529,-0.4848396361574339,0.025469193478546592,1.6209315236634807,-0.6408867749932371,0.07090725541879553,-1.728100602327758,-0.5109228695365924,-0.10192087612540858,0.0,0.0,0.0,0.0,1.0,0.0,0.0,1.0,0.0,0.0,0.0,0.0,1.0,0.0,0.0,0.0,1.0,0.0,0.0,1.0,0.0,0.0,1.0,0.0,0.0
-0.15380089492905338,0.037214630414721096,0.05121767538188044,-0.15696089557090281,-0.17420199454222154,-0.5676462121975469,0.5798746828052749,-1.004633966682157,0.499253500620652,-1.2350201879770537,-0.4848396361574339,0.3622285294726619,0.26439731228166574,-0.5102690267715114,-0.014648773933160712,-0.09990894704418099,0.020699002875425913,-0.1664311216419068,1.0,0.0,0.0,0.0,0.0,0.0,0.0,0.0,1.0,0.0,1.0,0.0,0.0,1.0,0.0,0.0,0.0,0.0,0.0,0.0,1.0,1.0,0.0,0.0,0.0
-0.15380089492905338,0.037214630414721096,0.05121767538188044,-0.15696089557090281,-0.17420199454222154,-0.5676462121975469,0.5798746828052749,-1.004633966682157,0.499253500620652,-1.2350201879770537,0.6385819129186802,0.3622285294726619,0.14042191160853956,-0.6234710752303403,0.11368527009477364,-1.6464381830336796,-0.44003995321498995,-0.1664311216419068,0.0,0.0,0.0,0.0,1.0,0.0,0.0,1.0,0.0,0.0,1.0,0.0,0.0,0.0,0.0,1.0,0.0,0.0,1.0,0.0,0.0,0.0,0.0,1.0,0.0
-0.15380089492905338,0.558219456220815,0.1662158521827063,-0.14499718279400134,-0.17420199454222154,-0.5676462121975469,0.5798746828052749,-1.004633966682157,-0.7318889811279818,-1.2350201879770537,-0.4848396361574339,0.025469193478546592,0.3782223778148853,-0.6321789251117887,-0.48520693536892,0.5880403705414068,-0.12106682976777898,-0.1140796382019568,0.0,0.0,0.0,0.0,0.0,1.0,0.0,0.0,0.0,1.0,0.0,0.0,1.0,0.0,0.0,0.0,0.0,1.0,0.0,0.0,1.0,0.0,0.0,0.0,1.0
-0.15380089492905338,0.558219456220815,0.1662158521827063,-0.14499718279400134,-0.17420199454222154,-0.5676462121975469,0.5798746828052749,-1.004633966682157,-0.7318889811279818,-1.2350201879770537,-1.1698527758379913,-0.3112901425155687,-1.8183493519144507,-0.266449230090957,-0.014648773933160712,-0.059439976969726,0.09158191919702836,-0.1140796382019568,0.0,0.0,0.0,1.0,0.0,0.0,0.0,0.0,1.0,0.0,1.0,0.0,0.0,0.0,1.0,0.0,0.0,0.0,0.0,1.0,0.0,0.0,1.0,0.0,0.0
-0.15380089492905338,0.558219456220815,0.1662158521827063,-0.14499718279400134,-0.17420199454222154,-0.5676462121975469,0.5798746828052749,-1.004633966682157,-0.7318889811279818,-1.2350201879770537,1.7072024108203496,-0.3112901425155687,0.9710971632308744,-0.4580219274828212,0.028129240742817405,-0.11577759657255866,0.056140461036227135,-0.1140796382019568,1.0,0.0,0.0,0.0,0.0,0.0,0.0,0.0,1.0,0.0,0.0,0.0,1.0,1.0,0.0,0.0,0.0,0.0,0.0,0.0,1.0,1.0,0.0,0.0,0.0
-0.15380089492905338,1.079224282026909,0.28121402898353215,-0.13303347001709986,-0.17420199454222154,1.7616606585441108,0.5798746828052749,-1.004633966682157,-1.4994937631333074,-0.27117092658415326,0.6385819129186802,0.025469193478546592,0.793144351689758,-0.6408867749932371,0.07090725541879553,-0.13379973208678697,-0.40459849505418877,-0.10720588614758268,1.0,0.0,0.0,0.0,0.0,0.0,0.0,0.0,1.0,0.0,0.0,0.0,1.0,0.0,0.0,1.0,0.0,0.0,1.0,0.0,0.0,0.0,0.0,1.0,0.0
-0.15380089492905338,1.6002291078330029,0.396212205784358,-0.1210697572401984,-0.17420199454222154,1.7616606585441108,0.5798746828052749,-1.004633966682157,-1.2255387882613067,0.9307294434309393,-0.4848396361574339,-0.9848088145037992,-0.11511317559420393,0.33439241172898077,-0.10020480328511694,1.1532403728557175,-0.08562537160697775,-0.03748330659844778,0.0,0.0,1.0,0.0,0.0,0.0,1.0,0.0,0.0,0.0,1.0,0.0,0.0,0.0,0.0,0.0,0.0,1.0,0.0,0.0,1.0,0.0,0.0,0.0,1.0
-0.15380089492905338,-1.0047950211974668,0.6262085593860097,-0.09714233168639547,-0.17420199454222154,-0.5676462121975469,0.5798746828052749,-1.004633966682157,0.9929033077539762,0.9307294434309397,0.6385819129186802,-0.3112901425155687,1.7513438610278376,-0.022629433410402543,0.11368527009477364,0.05740613386676049,-0.05018391344617653,-0.09432867221490591,1.0,0.0,0.0,0.0,0.0,0.0,0.0,0.0,1.0,0.0,1.0,0.0,0.0,0.0,0.0,0.0,0.0,1.0,0.0,0.0,1.0,0.0,0.0,0.0,1.0
-0.15380089492905338,-1.0047950211974668,0.6262085593860097,-0.09714233168639547,-0.17420199454222154,-0.5676462121975469,0.5798746828052749,-1.004633966682157,0.9929033077539762,0.9307294434309397,0.6385819129186802,-0.3112901425155687,-0.10828714906904585,-0.4318983778384761,-0.05742678860913883,0.9485527495150969,0.09158191919702836,-0.09432867221490591,0.0,0.0,1.0,0.0,0.0,0.0,1.0,0.0,0.0,0.0,0.0,0.0,1.0,1.0,0.0,0.0,0.0,0.0,0.0,0.0,1.0,1.0,0.0,0.0,0.0
-0.15380089492905338,-0.48379019539137286,0.7412067361868355,-0.085178618909494,-0.17420199454222154,-0.5676462121975469,0.5798746828052749,-1.004633966682157,1.2668582826259769,-0.2711709265841529,0.6385819129186802,0.3622285294726619,0.28020551618271716,-0.4841454771271664,-0.4424289206929419,0.7358329786893885,0.1270233773578296,-0.09416222086393164,0.0,0.0,0.0,0.0,0.0,1.0,0.0,0.0,0.0,1.0,0.0,0.0,1.0,1.0,0.0,0.0,0.0,0.0,0.0,0.0,1.0,1.0,0.0,0.0,0.0
-0.15380089492905338,-0.48379019539137286,0.7412067361868355,-0.085178618909494,-0.17420199454222154,-0.5676462121975469,0.5798746828052749,-1.004633966682157,1.2668582826259769,-0.2711709265841529,1.7072024108203496,0.3622285294726619,1.643934923587098,-0.5886396757045469,-0.014648773933160712,0.793942704088826,0.1270233773578296,-0.09416222086393164,0.0,0.0,1.0,0.0,0.0,0.0,1.0,0.0,0.0,0.0,0.0,0.0,1.0,0.0,1.0,0.0,0.0,0.0,0.0,1.0,0.0,0.0,1.0,0.0,0.0
-0.15380089492905338,-0.48379019539137286,0.7412067361868355,-0.085178618909494,-0.17420199454222154,-0.5676462121975469,0.5798746828052749,-1.004633966682157,1.2668582826259769,-0.2711709265841529,-0.07931185746654404,-0.3112901425155687,0.35666611571680235,-0.4841454771271664,0.028129240742817405,-0.15072833983105138,-0.014742455285375308,-0.09416222086393164,0.0,0.0,0.0,1.0,0.0,0.0,0.0,0.0,1.0,0.0,0.0,1.0,0.0,0.0,0.0,0.0,0.0,1.0,0.0,0.0,1.0,0.0,0.0,0.0,1.0
-0.15380089492905338,-0.48379019539137286,0.7412067361868355,-0.085178618909494,-0.17420199454222154,-0.5676462121975469,0.5798746828052749,-1.004633966682157,1.2668582826259769,-0.2711709265841529,-0.819126048321546,-0.3112901425155687,-0.5731493893316393,-0.3970669783126826,0.15646328477075175,0.17196399905588894,0.1270233773578296,-0.09416222086393164,1.0,0.0,0.0,0.0,0.0,0.0,0.0,0.0,1.0,0.0,0.0,0.0,1.0,0.0,1.0,0.0,0.0,0.0,0.0,1.0,0.0,0.0,1.0,0.0,0.0
-0.15380089492905338,-0.48379019539137286,0.7412067361868355,-0.085178618909494,-0.17420199454222154,-0.5676462121975469,0.5798746828052749,-1.004633966682157,1.2668582826259769,-0.2711709265841529,-0.4848396361574339,-0.3112901425155687,-0.5731493893316393,-0.3970669783126826,-0.48520693536892,-0.5957274264572885,-0.014742455285375308,-0.09416222086393164,0.0,1.0,0.0,0.0,0.0,0.0,0.0,0.0,1.0,0.0,0.0,0.0,1.0,0.0,0.0,0.0,0.0,1.0,0.0,0.0,1.0,0.0,0.0,0.0,1.0
-0.15380089492905338,-0.48379019539137286,0.7412067361868355,-0.085178618909494,-0.17420199454222154,-0.5676462121975469,0.5798746828052749,-1.004633966682157,1.2668582826259769,-0.2711709265841529,-1.1698527758379913,-0.648049478509684,-1.094134749932518,0.36922381125477427,0.15646328477075175,-1.4581035598277965,-0.40459849505418877,-0.09416222086393164,0.0,0.0,0.0,0.0,1.0,0.0,0.0,1.0,0.0,0.0,1.0,0.0,0.0,0.0,0.0,0.0,1.0,0.0,0.0,1.0,0.0,0.0,1.0,0.0,0.0
-0.15380089492905338,0.037214630414721096,0.8562049129876613,-0.07321490613259253,-0.17420199454222154,-0.5676462121975469,0.5798746828052749,-1.004633966682157,0.499253500620652,-1.2350201879770537,1.7072024108203496,0.3622285294726619,-0.0889547904519203,-0.5538082761787534,0.19924129944672989,0.016444964925300863,0.1624648355186308,-0.08151763325782496,1.0,0.0,0.0,0.0,0.0,0.0,0.0,0.0,1.0,0.0,0.0,1.0,0.0,1.0,0.0,0.0,0.0,0.0,0.0,0.0,1.0,1.0,0.0,0.0,0.0
-0.15380089492905338,0.558219456220815,0.9712030897884872,-0.06125119335569107,-0.17420199454222154,-0.5676462121975469,0.5798746828052749,-1.004633966682157,-0.7318889811279818,-1.2350201879770537,1.7072024108203496,0.025469193478546592,-0.5707518915610086,-0.5712239759416501,-0.4424289206929419,-0.507056393855129,0.056140461036227135,-0.05121563832120845,0.0,1.0,0.0,0.0,0.0,0.0,0.0,0.0,1.0,0.0,0.0,0.0,1.0,0.0,0.0,0.0,0.0,1.0,0.0,0.0,1.0,0.0,0.0,0.0,1.0
-0.15380089492905338,0.558219456220815,0.9712030897884872,-0.06125119335569107,-0.17420199454222154,-0.5676462121975469,0.5798746828052749,-1.004633966682157,-0.7318889811279818,-1.2350201879770537,-0.819126048321546,-0.3112901425155687,-0.8713451440240417,-0.5276847265344082,-0.3996509060169638,0.7373526113877602,-0.3691570368933875,-0.05121563832120845,0.0,0.0,0.0,0.0,0.0,1.0,0.0,0.0,0.0,1.0,0.0,0.0,1.0,0.0,0.0,0.0,1.0,0.0,0.0,1.0,0.0,0.0,1.0,0.0,0.0
-0.15380089492905338,1.079224282026909,1.086201266589313,-0.0492874805787896,-0.17420199454222154,1.7616606585441108,0.5798746828052749,-1.004633966682157,-1.4994937631333074,-0.27117092658415326,-0.4848396361574339,0.3622285294726619,0.7749500274779106,-0.4580219274828212,-0.3996509060169638,-0.4309451211310043,0.19790629367943202,-0.09945198837367014,0.0,1.0,0.0,0.0,0.0,0.0,0.0,0.0,1.0,0.0,0.0,1.0,0.0,0.0,1.0,0.0,0.0,0.0,0.0,1.0,0.0,0.0,1.0,0.0,0.0
-0.15380089492905338,-1.5257998470035607,1.3161976201909649,-0.02536005502498667,-0.17420199454222154,-0.5676462121975469,0.5798746828052749,-1.004633966682157,-0.11631774025366513,1.465625429147336,0.6385819129186802,-0.3112901425155687,0.653743082705535,-0.266449230090957,0.028129240742817405,0.9692007340102508,0.23334775184023324,-0.14120052985726322,0.0,0.0,1.0,0.0,0.0,0.0,1.0,0.0,0.0,0.0,0.0,0.0,1.0,0.0,1.0,0.0,0.0,0.0,0.0,1.0,0.0,0.0,1.0,0.0,0.0
-0.15380089492905338,-1.0047950211974668,1.4311957969917906,-0.0133963422480852,-0.17420199454222154,-0.5676462121975469,0.5798746828052749,-1.004633966682157,0.9929033077539762,0.9307294434309397,-0.07931185746654404,0.3622285294726619,0.88334242130101,-0.49285332700861473,0.07090725541879553,0.8544459682265702,0.26878921000103445,-0.17069137666319747,0.0,0.0,1.0,0.0,0.0,0.0,1.0,0.0,0.0,0.0,0.0,0.0,1.0,0.0,1.0,0.0,0.0,0.0,0.0,1.0,0.0,0.0,1.0,0.0,0.0
-0.15380089492905338,-1.0047950211974668,1.4311957969917906,-0.0133963422480852,-0.17420199454222154,-0.5676462121975469,0.5798746828052749,-1.004633966682157,0.9929033077539762,0.9307294434309397,-0.07931185746654404,0.025469193478546592,2.2929693509900733,-0.29257277973530216,0.19924129944672989,-1.5190566401287524,-0.3691570368933875,-0.17069137666319747,0.0,0.0,0.0,0.0,1.0,0.0,0.0,1.0,0.0,0.0,0.0,0.0,1.0,0.0,0.0,1.0,0.0,0.0,1.0,0.0,0.0,0.0,0.0,1.0,0.0
-0.15380089492905338,-1.0047950211974668,1.4311957969917906,-0.0133963422480852,-0.17420199454222154,-0.5676462121975469,0.5798746828052749,-1.004633966682157,0.9929033077539762,0.9307294434309397,-0.819126048321546,-0.9848088145037992,-1.1968050577802847,0.10798831481132307,0.242019314122708,0.08949939437556416,-0.3337155787325863,-0.17069137666319747,1.0,0.0,0.0,0.0,0.0,0.0,0.0,0.0,1.0,0.0,0.0,0.0,1.0,0.0,0.0,0.0,1.0,0.0,0.0,1.0,0.0,0.0,1.0,0.0,0.0
-0.15380089492905338,-0.48379019539137286,1.5461939737926165,-0.0014326294711837332,-0.17420199454222154,-0.5676462121975469,0.5798746828052749,-1.004633966682157,1.2668582826259769,-0.2711709265841529,1.7072024108203496,-0.648049478509684,-0.7469282616849431,-0.41448267807557937,0.07090725541879553,-0.13438656690507472,0.19790629367943202,-0.11659171307492627,0.0,0.0,0.0,1.0,0.0,0.0,0.0,0.0,1.0,0.0,0.0,0.0,1.0,1.0,0.0,0.0,0.0,0.0,0.0,0.0,1.0,1.0,0.0,0.0,0.0
-0.15380089492905338,-0.48379019539137286,1.5461939737926165,-0.0014326294711837332,-0.17420199454222154,-0.5676462121975469,0.5798746828052749,-1.004633966682157,1.2668582826259769,-0.2711709265841529,-1.1698527758379913,0.025469193478546592,2.0306171702435543,-0.5799318258230984,0.28479732879868613,0.13580656017685366,-0.2982741205717851,-0.11659171307492627,1.0,0.0,0.0,0.0,0.0,0.0,0.0,0.0,1.0,0.0,1.0,0.0,0.0,0.0,0.0,0.0,1.0,0.0,0.0,1.0,0.0,0.0,1.0,0.0,0.0
-0.15380089492905338,-0.48379019539137286,1.5461939737926165,-0.0014326294711837332,-0.17420199454222154,-0.5676462121975469,0.5798746828052749,-1.004633966682157,1.2668582826259769,-0.2711709265841529,0.6385819129186802,0.025469193478546592,0.23986138274285246,-0.4493140776013729,0.28479732879868613,0.13580656017685366,-0.2982741205717851,-0.11659171307492627,1.0,0.0,0.0,0.0,0.0,0.0,0.0,0.0,1.0,0.0,0.0,0.0,1.0,0.0,0.0,0.0,1.0,0.0,0.0,1.0,0.0,0.0,1.0,0.0,0.0
-0.15380089492905338,0.037214630414721096,1.6611921505934424,0.010531083305717734,-0.17420199454222154,-0.5676462121975469,0.5798746828052749,-1.004633966682157,0.499253500620652,-1.2350201879770537,-1.1698527758379913,-0.3112901425155687,-0.41941120786212194,-0.2054942809208184,-0.35687289134098565,0.45988809026818256,-0.3337155787325863,-0.09866459347221936,0.0,0.0,0.0,0.0,0.0,1.0,0.0,0.0,0.0,1.0,0.0,0.0,1.0,0.0,0.0,1.0,0.0,0.0,1.0,0.0,0.0,0.0,0.0,1.0,0.0
-0.15380089492905338,0.037214630414721096,1.6611921505934424,0.010531083305717734,-0.17420199454222154,-0.5676462121975469,0.5798746828052749,-1.004633966682157,0.499253500620652,-1.2350201879770537,0.6385819129186802,0.6989878654667772,0.19515388377570772,-0.5276847265344082,-0.35687289134098565,-0.5815439612408394,0.09158191919702836,-0.09866459347221936,0.0,1.0,0.0,0.0,0.0,0.0,0.0,0.0,1.0,0.0,1.0,0.0,0.0,0.0,0.0,0.0,0.0,1.0,0.0,0.0,1.0,0.0,0.0,0.0,1.0
0.21042410997756036,1.6002291078330029,-1.5587567998296814,0.04642222163642214,-0.17420199454222154,1.7616606585441108,-0.092466883672188,-1.2213276991704927,-1.2255387882613067,0.9307294434309393,-0.4848396361574339,0.6989878654667772,0.29186109537998484,-0.5799318258230984,-0.3140948766650075,-0.7303169628129528,0.1270233773578296,-0.17911330669590472,0.0,1.0,0.0,0.0,0.0,0.0,0.0,0.0,1.0,0.0,0.0,1.0,0.0,0.0,0.0,0.0,0.0,1.0,0.0,0.0,1.0,0.0,0.0,0.0,1.0
0.21042410997756036,-1.5257998470035607,-1.4437586230288555,0.058385934413323605,-0.17420199454222154,-0.5676462121975469,-0.092466883672188,-1.2213276991704927,-0.11631774025366513,1.465625429147336,-0.07931185746654404,0.3622285294726619,-0.8653569035169447,-0.5451004262973049,0.242019314122708,-1.4787955195990017,0.3042306681618357,-0.2303221215283167,0.0,0.0,0.0,0.0,1.0,0.0,0.0,1.0,0.0,0.0,0.0,0.0,1.0,0.0,1.0,0.0,0.0,0.0,0.0,1.0,0.0,0.0,1.0,0.0,0.0
0.21042410997756036,-1.0047950211974668,-1.3287604462280298,0.07034964719022507,-0.17420199454222154,-0.5676462121975469,-0.092466883672188,-1.2213276991704927,0.9929033077539762,0.9307294434309397,-0.819126048321546,0.3622285294726619,1.3525896489165616,-0.5015611768900631,0.11368527009477364,0.9123338682643517,0.33967212632263694,-0.29254471305690305,0.0,0.0,1.0,0.0,0.0,0.0,1.0,0.0,0.0,0.0,0.0,0.0,1.0,0.0,1.0,0.0,0.0,0.0,0.0,1.0,0.0,0.0,1.0,0.0,0.0
0.21042410997756036,-1.0047950211974668,-1.3287604462280298,0.07034964719022507,-0.17420199454222154,-0.5676462121975469,-0.092466883672188,-1.2213276991704927,0.9929033077539762,0.9307294434309397,-0.819126048321546,0.6989878654667772,-1.533973959791253,-0.17937073127647327,0.11368527009477364,-0.3362285172635773,-0.22739120425018264,-0.29254471305690305,0.0,0.0,0.0,1.0,0.0,0.0,0.0,0.0,1.0,0.0,1.0,0.0,0.0,0.0,0.0,0.0,1.0,0.0,0.0,1.0,0.0,0.0,1.0,0.0,0.0
0.21042410997756036,-1.0047950211974668,-1.3287604462280298,0.07034964719022507,-0.17420199454222154,-0.5676462121975469,-0.092466883672188,-1.2213276991704927,0.9929033077539762,0.9307294434309397,-0.819126048321546,0.025469193478546592,-0.6294059703572468,-0.5276847265344082,0.11368527009477364,-0.3362285172635773,0.33967212632263694,-0.29254471305690305,0.0,0.0,0.0,1.0,0.0,0.0,0.0,0.0,1.0,0.0,0.0,0.0,1.0,0.0,1.0,0.0,0.0,0.0,0.0,1.0,0.0,0.0,1.0,0.0,0.0
0.21042410997756036,-1.0047950211974668,-1.3287604462280298,0.07034964719022507,-0.17420199454222154,-0.5676462121975469,-0.092466883672188,-1.2213276991704927,0.9929033077539762,0.9307294434309397,0.6385819129186802,-0.648049478509684,0.9691657282863707,0.48242585971360313,0.11368527009477364,-0.3362285172635773,-0.22739120425018264,-0.29254471305690305,0.0,0.0,0.0,1.0,0.0,0.0,0.0,0.0,1.0,0.0,1.0,0.0,0.0,0.0,0.0,0.0,1.0,0.0,0.0,1.0,0.0,0.0,1.0,0.0,0.0
0.21042410997756036,-0.48379019539137286,-1.2137622694272039,0.08231335996712653,-0.17420199454222154,-0.5676462121975469,-0.092466883672188,-1.2213276991704927,1.2668582826259769,-0.2711709265841529,1.7072024108203496,0.3622285294726619,0.004373036463278708,-0.4318983778384761,0.15646328477075175,0.9793603394109266,-0.2982741205717851,-0.2216263059989432,0.0,0.0,1.0,0.0,0.0,0.0,1.0,0.0,0.0,0.0,0.0,1.0,0.0,0.0,0.0,1.0,0.0,0.0,1.0,0.0,0.0,0.0,0.0,1.0,0.0
0.21042410997756036,-0.48379019539137286,-1.2137622694272039,0.08231335996712653,-0.17420199454222154,-0.5676462121975469,-0.092466883672188,-1.2213276991704927,1.2668582826259769,-0.2711709265841529,-0.819126048321546,-0.3112901425155687,-0.2980629856153085,-0.30998847949819885,0.28479732879868613,-1.6280327294479122,-0.2982741205717851,-0.2216263059989432,0.0,0.0,0.0,0.0,1.0,0.0,0.0,1.0,0.0,0.0,0.0,1.0,0.0,0.0,0.0,1.0,0.0,0.0,1.0,0.0,0.0,0.0,0.0,1.0,0.0
0.21042410997756036,0.037214630414721096,-1.098764092626378,0.09427707274402801,-0.17420199454222154,-0.5676462121975469,-0.092466883672188,-1.2213276991704927,0.499253500620652,-1.2350201879770537,0.6385819129186802,-0.9848088145037992,-0.18182636311662165,0.09928046492987469,0.3275753434746642,-1.6465575269239294,-0.1565082879285802,-0.22047520472241214,0.0,0.0,0.0,0.0,1.0,0.0,0.0,1.0,0.0,0.0,0.0,1.0,0.0,0.0,0.0,0.0,1.0,0.0,0.0,1.0,0.0,0.0,1.0,0.0,0.0
0.21042410997756036,0.558219456220815,-0.9837659158255522,0.10624078552092947,-0.17420199454222154,-0.5676462121975469,-0.092466883672188,-1.2213276991704927,-0.7318889811279818,-1.2350201879770537,-0.07931185746654404,0.3622285294726619,0.13966365227720656,-0.1358314818692314,0.19924129944672989,1.0092580023803417,-0.22739120425018264,-0.16989758555666637,0.0,0.0,1.0,0.0,0.0,0.0,1.0,0.0,0.0,0.0,0.0,1.0,0.0,0.0,0.0,1.0,0.0,0.0,1.0,0.0,0.0,0.0,0.0,1.0,0.0
0.21042410997756036,1.6002291078330029,-0.7537695622239005,0.1301682110747324,-0.17420199454222154,1.7616606585441108,-0.092466883672188,-1.2213276991704927,-1.2255387882613067,0.9307294434309393,-1.1698527758379913,1.0357472014608924,-0.9219564291379121,-0.6060553754674436,-0.3140948766650075,0.28328308127568047,-0.19194974608938142,-0.17506342924213866,0.0,0.0,0.0,0.0,0.0,1.0,0.0,0.0,0.0,1.0,1.0,0.0,0.0,0.0,0.0,1.0,0.0,0.0,1.0,0.0,0.0,0.0,0.0,1.0,0.0
0.21042410997756036,1.6002291078330029,-0.7537695622239005,0.1301682110747324,-0.17420199454222154,1.7616606585441108,-0.092466883672188,-1.2213276991704927,-1.2255387882613067,0.9307294434309393,-1.1698527758379913,0.025469193478546592,-0.7386030533594073,-0.38835912843123427,0.37035335815064235,-1.4774454895468268,0.23334775184023324,-0.17506342924213866,0.0,0.0,0.0,0.0,1.0,0.0,0.0,1.0,0.0,0.0,0.0,0.0,1.0,1.0,0.0,0.0,0.0,0.0,0.0,0.0,1.0,1.0,0.0,0.0,0.0
0.21042410997756036,1.6002291078330029,-0.7537695622239005,0.1301682110747324,-0.17420199454222154,1.7616606585441108,-0.092466883672188,-1.2213276991704927,-1.2255387882613067,0.9307294434309393,0.6385819129186802,0.025469193478546592,-0.8763534985517697,-0.5625161260602017,0.242019314122708,-0.20416425379987652,-0.12106682976777898,-0.17506342924213866,0.0,0.0,0.0,1.0,0.0,0.0,0.0,0.0,1.0,0.0,0.0,0.0,1.0,0.0,0.0,0.0,1.0,0.0,0.0,1.0,0.0,0.0,1.0,0.0,0.0
0.21042410997756036,1.6002291078330029,-0.7537695622239005,0.1301682110747324,-0.17420199454222154,1.7616606585441108,-0.092466883672188,-1.2213276991704927,-1.2255387882613067,0.9307294434309393,-0.4848396361574339,0.025469193478546592,-1.1518543889364932,-0.09229223246198953,-0.3140948766650075,0.28328308127568047,0.1624648355186308,-0.17506342924213866,0.0,0.0,0.0,0.0,0.0,1.0,0.0,0.0,0.0,1.0,0.0,1.0,0.0,0.0,0.0,0.0,0.0,1.0,0.0,0.0,1.0,0.0,0.0,0.0,1.0
0.21042410997756036,-1.5257998470035607,-0.6387713854230747,0.14213192385163387,-0.17420199454222154,-0.5676462121975469,-0.092466883672188,-1.2213276991704927,-0.11631774025366513,1.465625429147336,-0.4848396361574339,-0.3112901425155687,0.20085663850688848,0.5433808088837417,-0.2285388473130513,0.30862356234652893,0.19790629367943202,-0.09723516888189622,0.0,0.0,0.0,0.0,0.0,1.0,0.0,0.0,0.0,1.0,1.0,0.0,0.0,0.0,0.0,0.0,0.0,1.0,0.0,0.0,1.0,0.0,0.0,0.0,1.0
0.21042410997756036,-1.5257998470035607,-0.6387713854230747,0.14213192385163387,-0.17420199454222154,-0.5676462121975469,-0.092466883672188,-1.2213276991704927,-0.11631774025366513,1.465625429147336,-1.1698527758379913,-0.9848088145037992,0.2763544786603947,0.07315691528552956,0.41313137282662044,-1.3128703341630144,0.26878921000103445,-0.09723516888189622,0.0,0.0,0.0,0.0,1.0,0.0,0.0,1.0,0.0,0.0,0.0,1.0,0.0,1.0,0.0,0.0,0.0,0.0,0.0,0.0,1.0,1.0,0.0,0.0,0.0
0.21042410997756036,-1.5257998470035607,-0.6387713854230747,0.14213192385163387,-0.17420199454222154,-0.5676462121975469,-0.092466883672188,-1.2213276991704927,-0.11631774025366513,1.465625429147336,-0.819126048321546,0.6989878654667772,0.7589626817469203,-0.10100008234343791,0.28479732879868613,-0.1507608326561936,0.26878921000103445,-0.09723516888189622,0.0,0.0,0.0,1.0,0.0,0.0,0.0,0.0,1.0,0.0,1.0,0.0,0.0,1.0,0.0,0.0,0.0,0.0,0.0,0.0,1.0,1.0,0.0,0.0,0.0
0.21042410997756036,-1.0047950211974668,-0.5237732086222487,0.15409563662853534,-0.17420199454222154,-0.5676462121975469,-0.092466883672188,-1.2213276991704927,0.9929033077539762,0.9307294434309397,-0.819126048321546,-0.3112901425155687,0.6525745542382311,0.047033365641184446,0.37035335815064235,0.33876370070181255,0.23334775184023324,-0.14547417249944425,1.0,0.0,0.0,0.0,0.0,0.0,0.0,0.0,1.0,0.0,0.0,1.0,0.0,0.0,0.0,0.0,0.0,1.0,0.0,0.0,1.0,0.0,0.0,0.0,1.0
0.21042410997756036,-0.48379019539137286,-0.40877503182142294,0.16605934940543682,-0.17420199454222154,-0.5676462121975469,-0.092466883672188,-1.2213276991704927,1.2668582826259769,-0.2711709265841529,-0.819126048321546,-0.9848088145037992,-0.9593657519223073,-0.10970793222488628,0.242019314122708,0.9745976450251678,0.33967212632263694,-0.08617066452460201,0.0,0.0,1.0,0.0,0.0,0.0,1.0,0.0,0.0,0.0,0.0,1.0,0.0,1.0,0.0,0.0,0.0,0.0,0.0,0.0,1.0,1.0,0.0,0.0,0.0
0.21042410997756036,0.037214630414721096,-0.2937768550205971,0.17802306218233827,-0.17420199454222154,-0.5676462121975469,-0.092466883672188,-1.2213276991704927,0.499253500620652,-1.2350201879770537,1.7072024108203496,-0.3112901425155687,-2.288772733863987,-0.21420213080226677,0.28479732879868613,0.806014926528076,0.26878921000103445,-0.13425187171621422,0.0,0.0,1.0,0.0,0.0,0.0,1.0,0.0,0.0,0.0,1.0,0.0,0.0,0.0,0.0,0.0,0.0,1.0,0.0,0.0,1.0,0.0,0.0,0.0,1.0
0.21042410997756036,0.037214630414721096,-0.2937768550205971,0.17802306218233827,-0.17420199454222154,-0.5676462121975469,-0.092466883672188,-1.2213276991704927,0.499253500620652,-1.2350201879770537,1.7072024108203496,0.025469193478546592,-1.9684379721666556,-0.41448267807557937,-0.1857608326370732,0.19262888663552363,0.3751135844834381,-0.13425187171621422,0.0,0.0,0.0,0.0,0.0,1.0,0.0,0.0,0.0,1.0,1.0,0.0,0.0,1.0,0.0,0.0,0.0,0.0,0.0,0.0,1.0,1.0,0.0,0.0,0.0
0.21042410997756036,0.558219456220815,-0.17877867821977125,0.18998677495923974,-0.17420199454222154,-0.5676462121975469,-0.092466883672188,-1.2213276991704927,-0.7318889811279818,-1.2350201879770537,0.6385819129186802,0.6989878654667772,1.544844827969298,-0.5625161260602017,-0.14298281796109508,0.40447106923717074,0.41055504264423937,-0.1125840838648819,0.0,0.0,0.0,0.0,0.0,1.0,0.0,0.0,0.0,1.0,0.0,0.0,1.0,0.0,1.0,0.0,0.0,0.0,0.0,1.0,0.0,0.0,1.0,0.0,0.0
0.21042410997756036,0.558219456220815,-0.17877867821977125,0.18998677495923974,-0.17420199454222154,-0.5676462121975469,-0.092466883672188,-1.2213276991704927,-0.7318889811279818,-1.2350201879770537,-0.4848396361574339,0.3622285294726619,2.1358069013175305,-0.5015611768900631,0.41313137282662044,0.497498347413334,0.3042306681618357,-0.1125840838648819,1.0,0.0,0.0,0.0,0.0,0.0,0.0,0.0,1.0,0.0,0.0,0.0,1.0,0.0,0.0,0.0,0.0,1.0,0.0,0.0,1.0,0.0,0.0,0.0,1.0
0.21042410997756036,1.6002291078330029,0.05121767538188044,0.21391420051304266,-0.17420199454222154,1.7616606585441108,-0.092466883672188,-1.2213276991704927,-1.2255387882613067,0.9307294434309393,-1.1698527758379913,0.3622285294726619,-0.7316975281663736,-0.3709434286683375,0.3275753434746642,0.6750579878543674,-0.1565082879285802,-0.18605079194012825,0.0,0.0,1.0,0.0,0.0,0.0,1.0,0.0,0.0,0.0,1.0,0.0,0.0,0.0,0.0,1.0,0.0,0.0,1.0,0.0,0.0,0.0,0.0,1.0,0.0
0.21042410997756036,-1.5257998470035607,0.1662158521827063,0.22587791328994414,-0.17420199454222154,-0.5676462121975469,-0.092466883672188,-1.2213276991704927,-0.11631774025366513,1.465625429147336,-0.07931185746654404,1.0357472014608924,0.9405294350205738,-0.6234710752303403,0.4559093875025986,-1.369063546306868,-0.08562537160697775,-0.1594019031480876,0.0,0.0,0.0,0.0,1.0,0.0,0.0,1.0,0.0,0.0,0.0,0.0,1.0,0.0,0.0,0.0,1.0,0.0,0.0,1.0,0.0,0.0,1.0,0.0,0.0
0.21042410997756036,-1.5257998470035607,0.1662158521827063,0.22587791328994414,-0.17420199454222154,-0.5676462121975469,-0.092466883672188,-1.2213276991704927,-0.11631774025366513,1.465625429147336,0.6385819129186802,1.0357472014608924,-0.19591173781640964,-0.49285332700861473,0.37035335815064235,0.7378357946513884,-0.12106682976777898,-0.1594019031480876,0.0,0.0,1.0,0.0,0.0,0.0,1.0,0.0,0.0,0.0,1.0,0.0,0.0,0.0,0.0,1.0,0.0,0.0,1.0,0.0,0.0,0.0,0.0,1.0,0.0
0.21042410997756036,-1.5257998470035607,0.1662158521827063,0.22587791328994414,-0.17420199454222154,-0.5676462121975469,-0.092466883672188,-1.2213276991704927,-0.11631774025366513,1.465625429147336,0.6385819129186802,-0.648049478509684,0.4794480837516973,0.2647296126773938,0.37035335815064235,0.7378357946513884,-0.08562537160697775,-0.1594019031480876,0.0,0.0,1.0,0.0,0.0,0.0,1.0,0.0,0.0,0.0,0.0,1.0,0.0,0.0,0.0,0.0,1.0,0.0,0.0,1.0,0.0,0.0,1.0,0.0,0.0
0.21042410997756036,-1.5257998470035607,0.1662158521827063,0.22587791328994414,-0.17420199454222154,-0.5676462121975469,-0.092466883672188,-1.2213276991704927,-0.11631774025366513,1.465625429147336,-1.1698527758379913,0.025469193478546592,0.36720698026162496,-0.4231905279570277,0.37035335815064235,0.7378357946513884,0.33967212632263694,-0.1594019031480876,0.0,0.0,1.0,0.0,0.0,0.0,1.0,0.0,0.0,0.0,0.0,1.0,0.0,0.0,0.0,0.0,0.0,1.0,0.0,0.0,1.0,0.0,0.0,0.0,1.0
0.21042410997756036,-1.0047950211974668,0.28121402898353215,0.2378416260668456,-0.17420199454222154,-0.5676462121975469,-0.092466883672188,-1.2213276991704927,0.9929033077539762,0.9307294434309397,-0.4848396361574339,-0.648049478509684,1.1656387355675926,0.5956279081724319,0.4986874021785767,0.4974387238582641,-0.08562537160697775,-0.23057335539311666,0.0,0.0,1.0,0.0,0.0,0.0,1.0,0.0,0.0,0.0,1.0,0.0,0.0,0.0,0.0,1.0,0.0,0.0,1.0,0.0,0.0,0.0,0.0,1.0,0.0
0.21042410997756036,-1.0047950211974668,0.28121402898353215,0.2378416260668456,-0.17420199454222154,-0.5676462121975469,-0.092466883672188,-1.2213276991704927,0.9929033077539762,0.9307294434309397,-0.819126048321546,-0.3112901425155687,1.4041524104809573,0.03832551575973607,0.4986874021785767,0.4974387238582641,-0.014742455285375308,-0.23057335539311666,0.0,0.0,1.0,0.0,0.0,0.0,1.0,0.0,0.0,0.0,0.0,1.0,0.0,0.0,0.0,0.0,1.0,0.0,0.0,1.0,0.0,0.0,1.0,0.0,0.0
0.21042410997756036,-0.48379019539137286,0.396212205784358,0.2498053388437471,-0.17420199454222154,-0.5676462121975469,-0.092466883672188,-1.2213276991704927,1.2668582826259769,-0.2711709265841529,-1.1698527758379913,0.6989878654667772,-1.4066803769355485,-0.5102690267715114,0.5842434315305329,0.5037989051277416,0.41055504264423937,-0.21918165947520601,0.0,0.0,1.0,0.0,0.0,0.0,1.0,0.0,0.0,0.0,0.0,0.0,1.0,1.0,0.0,0.0,0.0,0.0,0.0,0.0,1.0,1.0,0.0,0.0,0.0
0.21042410997756036,-0.48379019539137286,0.396212205784358,0.2498053388437471,-0.17420199454222154,-0.5676462121975469,-0.092466883672188,-1.2213276991704927,1.2668582826259769,-0.2711709265841529,-1.1698527758379913,-0.3112901425155687,0.012543947963819007,0.15152756421856492,0.4986874021785767,-1.3649105676515567,0.41055504264423937,-0.21918165947520601,0.0,0.0,0.0,0.0,1.0,0.0,0.0,1.0,0.0,0.0,0.0,1.0,0.0,1.0,0.0,0.0,0.0,0.0,0.0,0.0,1.0,1.0,0.0,0.0,0.0
0.21042410997756036,-0.48379019539137286,0.396212205784358,0.2498053388437471,-0.17420199454222154,-0.5676462121975469,-0.092466883672188,-1.2213276991704927,1.2668582826259769,-0.2711709265841529,-0.07931185746654404,-0.3112901425155687,-0.14242530287758792,-0.23161783056516352,-0.27131686198902943,-0.9111000789839141,0.41055504264423937,-0.21918165947520601,0.0,1.0,0.0,0.0,0.0,0.0,0.0,0.0,1.0,0.0,0.0,1.0,0.0,1.0,0.0,0.0,0.0,0.0,0.0,0.0,1.0,1.0,0.0,0.0,0.0
0.21042410997756036,0.037214630414721096,0.5112103825851838,0.26176905162064856,-0.17420199454222154,-0.5676462121975469,-0.092466883672188,-1.2213276991704927,0.499253500620652,-1.2350201879770537,-0.07931185746654404,-0.648049478509684,-1.6497590663990551,-0.5799318258230984,0.3275753434746642,-0.13919472621574377,0.4459965008050406,-0.17192900795832644,0.0,0.0,0.0,1.0,0.0,0.0,0.0,0.0,1.0,0.0,0.0,1.0,0.0,0.0,1.0,0.0,0.0,0.0,0.0,1.0,0.0,0.0,1.0,0.0,0.0
0.21042410997756036,0.558219456220815,0.6262085593860097,0.27373276439755,-0.17420199454222154,-0.5676462121975469,-0.092466883672188,-1.2213276991704927,-0.7318889811279818,-1.2350201879770537,-0.07931185746654404,0.3622285294726619,-0.11197689313669866,-0.5451004262973049,0.5414654168545548,-1.4134466862594848,0.020699002875425913,-0.18676564657045355,0.0,0.0,0.0,0.0,1.0,0.0,0.0,1.0,0.0,0.0,0.0,0.0,1.0,0.0,0.0,0.0,1.0,0.0,0.0,1.0,0.0,0.0,1.0,0.0,0.0
0.21042410997756036,1.079224282026909,0.7412067361868355,0.28569647717445146,-0.17420199454222154,1.7616606585441108,-0.092466883672188,-1.2213276991704927,-1.4994937631333074,-0.27117092658415326,1.7072024108203496,0.025469193478546592,1.195734058248398,-0.6147632253488919,0.37035335815064235,-0.18439195973658024,-0.05018391344617653,-0.15107258935053297,0.0,0.0,0.0,1.0,0.0,0.0,0.0,0.0,1.0,0.0,0.0,1.0,0.0,0.0,0.0,1.0,0.0,0.0,1.0,0.0,0.0,0.0,0.0,1.0,0.0
0.21042410997756036,1.079224282026909,0.7412067361868355,0.28569647717445146,-0.17420199454222154,1.7616606585441108,-0.092466883672188,-1.2213276991704927,-1.4994937631333074,-0.27117092658415326,0.6385819129186802,0.025469193478546592,-0.45727128405994355,-0.5015611768900631,-0.2285388473130513,-0.6566686082809212,0.516879417126643,-0.15107258935053297,0.0,1.0,0.0,0.0,0.0,0.0,0.0,0.0,1.0,0.0,0.0,1.0,0.0,1.0,0.0,0.0,0.0,0.0,0.0,0.0,1.0,1.0,0.0,0.0,0.0
0.21042410997756036,1.6002291078330029,0.8562049129876613,0.29766018995135296,-0.17420199454222154,1.7616606585441108,-0.092466883672188,-1.2213276991704927,-1.2255387882613067,0.9307294434309393,0.6385819129186802,0.025469193478546592,-1.5518436695884357,-0.19678643103937002,0.41313137282662044,-0.2575840294190418,-0.014742455285375308,-0.12049741252406693,0.0,0.0,0.0,1.0,0.0,0.0,0.0,0.0,1.0,0.0,0.0,1.0,0.0,0.0,0.0,1.0,0.0,0.0,1.0,0.0,0.0,0.0,0.0,1.0,0.0
0.21042410997756036,1.6002291078330029,0.8562049129876613,0.29766018995135296,-0.17420199454222154,1.7616606585441108,-0.092466883672188,-1.2213276991704927,-1.2255387882613067,0.9307294434309393,-0.07931185746654404,1.0357472014608924,-1.1186355557325982,-0.6147632253488919,0.41313137282662044,-0.2575840294190418,0.056140461036227135,-0.12049741252406693,0.0,0.0,0.0,1.0,0.0,0.0,0.0,0.0,1.0,0.0,0.0,0.0,1.0,0.0,0.0,0.0,1.0,0.0,0.0,1.0,0.0,0.0,1.0,0.0,0.0
0.21042410997756036,-1.5257998470035607,0.9712030897884872,0.3096239027282544,-0.17420199454222154,-0.5676462121975469,-0.092466883672188,-1.2213276991704927,-0.11631774025366513,1.465625429147336,-0.07931185746654404,0.025469193478546592,0.24140564776138781,-0.40577482819413097,-0.10020480328511694,0.21679109688891174,0.4814379589658418,-0.11023791712895994,0.0,0.0,0.0,0.0,0.0,1.0,0.0,0.0,0.0,1.0,0.0,0.0,1.0,0.0,1.0,0.0,0.0,0.0,0.0,1.0,0.0,0.0,1.0,0.0,0.0
0.21042410997756036,-1.5257998470035607,0.9712030897884872,0.3096239027282544,-0.17420199454222154,-0.5676462121975469,-0.092466883672188,-1.2213276991704927,-0.11631774025366513,1.465625429147336,1.7072024108203496,0.6989878654667772,1.6580162866774135,-0.5625161260602017,0.4559093875025986,0.4117628747035933,0.09158191919702836,-0.11023791712895994,1.0,0.0,0.0,0.0,0.0,0.0,0.0,0.0,1.0,0.0,0.0,0.0,1.0,0.0,0.0,0.0,1.0,0.0,0.0,1.0,0.0,0.0,1.0,0.0,0.0
0.21042410997756036,-1.0047950211974668,1.086201266589313,0.32158761550515585,-0.17420199454222154,-0.5676462121975469,-0.092466883672188,-1.2213276991704927,0.9929033077539762,0.9307294434309397,1.7072024108203496,1.3725065374550074,-0.9851087914782877,0.03832551575973607,-0.05742678860913883,0.07560826969241662,0.5523208752874442,-0.10999539815161084,0.0,0.0,0.0,0.0,0.0,1.0,0.0,0.0,0.0,1.0,1.0,0.0,0.0,1.0,0.0,0.0,0.0,0.0,0.0,0.0,1.0,1.0,0.0,0.0,0.0
0.21042410997756036,-1.0047950211974668,1.086201266589313,0.32158761550515585,-0.17420199454222154,-0.5676462121975469,-0.092466883672188,-1.2213276991704927,0.9929033077539762,0.9307294434309397,1.7072024108203496,-0.3112901425155687,1.2821524056348292,-0.5886396757045469,0.4986874021785767,-0.22407729328159084,0.516879417126643,-0.10999539815161084,0.0,0.0,0.0,1.0,0.0,0.0,0.0,0.0,1.0,0.0,1.0,0.0,0.0,0.0,1.0,0.0,0.0,0.0,0.0,1.0,0.0,0.0,1.0,0.0,0.0
0.21042410997756036,-1.0047950211974668,1.086201266589313,0.32158761550515585,-0.17420199454222154,-0.5676462121975469,-0.092466883672188,-1.2213276991704927,0.9929033077539762,0.9307294434309397,0.6385819129186802,0.3622285294726619,0.7726437467708862,-0.41448267807557937,0.4986874021785767,0.5036314383629112,0.3751135844834381,-0.10999539815161084,1.0,0.0,0.0,0.0,0.0,0.0,0.0,0.0,1.0,0.0,0.0,0.0,1.0,0.0,0.0,0.0,0.0,1.0,0.0,0.0,1.0,0.0,0.0,0.0,1.0
0.21042410997756036,-1.0047950211974668,1.086201266589313,0.32158761550515585,-0.17420199454222154,-0.5676462121975469,-0.092466883672188,-1.2213276991704927,0.9929033077539762,0.9307294434309397,0.6385819129186802,0.6989878654667772,0.19290068686041648,-0.3622355787868891,0.627021446206511,0.539490421749446,0.516879417126643,-0.10999539815161084,0.0,0.0,1.0,0.0,0.0,0.0,1.0,0.0,0.0,0.0,0.0,1.0,0.0,0.0,1.0,0.0,0.0,0.0,0.0,1.0,0.0,0.0,1.0,0.0,0.0
0.21042410997756036,-0.48379019539137286,1.201199443390139,0.33355132828205736,-0.17420199454222154,-0.5676462121975469,-0.092466883672188,-1.2213276991704927,1.2668582826259769,-0.2711709265841529,-0.819126048321546,-0.648049478509684,-0.7295031111066466,-0.3970669783126826,0.5414654168545548,0.3659637092352292,0.020699002875425913,-0.06082905083659901,1.0,0.0,0.0,0.0,0.0,0.0,0.0,0.0,1.0,0.0,0.0,0.0,1.0,0.0,0.0,1.0,0.0,0.0,1.0,0.0,0.0,0.0,0.0,1.0,0.0
0.21042410997756036,-0.48379019539137286,1.201199443390139,0.33355132828205736,-0.17420199454222154,-0.5676462121975469,-0.092466883672188,-1.2213276991704927,1.2668582826259769,-0.2711709265841529,-0.819126048321546,-0.3112901425155687,-1.4938507120902575,-0.40577482819413097,0.6697994608824892,0.6797863558356524,0.5877623334482455,-0.06082905083659901,0.0,0.0,1.0,0.0,0.0,0.0,1.0,0.0,0.0,0.0,0.0,0.0,1.0,1.0,0.0,0.0,0.0,0.0,0.0,0.0,1.0,1.0,0.0,0.0,0.0
0.21042410997756036,-0.48379019539137286,1.201199443390139,0.33355132828205736,-0.17420199454222154,-0.5676462121975469,-0.092466883672188,-1.2213276991704927,1.2668582826259769,-0.2711709265841529,1.7072024108203496,0.6989878654667772,0.20267770316604528,-0.6408867749932371,-0.014648773933160712,0.05518174341803808,0.5877623334482455,-0.06082905083659901,0.0,0.0,0.0,0.0,0.0,1.0,0.0,0.0,0.0,1.0,0.0,0.0,1.0,0.0,1.0,0.0,0.0,0.0,0.0,1.0,0.0,0.0,1.0,0.0,0.0
0.21042410997756036,-0.48379019539137286,1.201199443390139,0.33355132828205736,-0.17420199454222154,-0.5676462121975469,-0.092466883672188,-1.2213276991704927,1.2668582826259769,-0.2711709265841529,-0.07931185746654404,1.3725065374550074,-0.6907388530509271,-0.6234710752303403,-0.014648773933160712,0.05518174341803808,0.1270233773578296,-0.06082905083659901,0.0,0.0,0.0,0.0,0.0,1.0,0.0,0.0,0.0,1.0,0.0,0.0,1.0,0.0,0.0,0.0,1.0,0.0,0.0,1.0,0.0,0.0,1.0,0.0,0.0
0.21042410997756036,0.037214630414721096,1.3161976201909649,0.3455150410589588,-0.17420199454222154,-0.5676462121975469,-0.092466883672188,-1.2213276991704927,0.499253500620652,-1.2350201879770537,-0.07931185746654404,0.3622285294726619,0.7959628072530155,-0.6060553754674436,0.5842434315305329,0.5144995070143834,0.056140461036227135,-0.0033898103968527647,1.0,0.0,0.0,0.0,0.0,0.0,0.0,0.0,1.0,0.0,0.0,1.0,0.0,0.0,0.0,1.0,0.0,0.0,1.0,0.0,0.0,0.0,0.0,1.0,0.0
0.21042410997756036,0.037214630414721096,1.3161976201909649,0.3455150410589588,-0.17420199454222154,-0.5676462121975469,-0.092466883672188,-1.2213276991704927,0.499253500620652,-1.2350201879770537,1.7072024108203496,0.3622285294726619,-0.1958403981319876,0.14281971433711657,0.5414654168545548,-0.08870086997181291,0.6232037916090467,-0.0033898103968527647,0.0,0.0,0.0,1.0,0.0,0.0,0.0,0.0,1.0,0.0,0.0,1.0,0.0,0.0,1.0,0.0,0.0,0.0,0.0,1.0,0.0,0.0,1.0,0.0,0.0
0.21042410997756036,0.558219456220815,1.4311957969917906,0.35747875383586025,-0.17420199454222154,-0.5676462121975469,-0.092466883672188,-1.2213276991704927,-0.7318889811279818,-1.2350201879770537,1.7072024108203496,1.7092658734491226,-0.9323448989016214,-0.6234710752303403,0.07090725541879553,0.019178443235181288,0.09158191919702836,0.07245726278685963,0.0,0.0,0.0,0.0,0.0,1.0,0.0,0.0,0.0,1.0,1.0,0.0,0.0,0.0,0.0,1.0,0.0,0.0,1.0,0.0,0.0,0.0,0.0,1.0,0.0
0.21042410997756036,1.6002291078330029,1.6611921505934424,0.3814061793896632,-0.17420199454222154,1.7616606585441108,-0.092466883672188,-1.2213276991704927,-1.2255387882613067,0.9307294434309393,-0.4848396361574339,0.025469193478546592,-0.1379635872614946,-0.475437627245718,0.5842434315305329,0.010230944210337097,0.1270233773578296,0.029168176098644232,0.0,0.0,0.0,1.0,0.0,0.0,0.0,0.0,1.0,0.0,1.0,0.0,0.0,0.0,0.0,1.0,0.0,0.0,1.0,0.0,0.0,0.0,0.0,1.0,0.0
0.21042410997756036,-1.5257998470035607,1.776190327394268,0.3933698921665647,-0.17420199454222154,-0.5676462121975469,-0.092466883672188,-1.2213276991704927,-0.11631774025366513,1.465625429147336,-0.819126048321546,0.025469193478546592,1.382965078500037,-0.475437627245718,0.5842434315305329,-1.281423663781546,0.658645249769848,0.052512594178283585,0.0,0.0,0.0,0.0,1.0,0.0,0.0,1.0,0.0,0.0,0.0,1.0,0.0,0.0,1.0,0.0,0.0,0.0,0.0,1.0,0.0,0.0,1.0,0.0,0.0
0.21042410997756036,-1.5257998470035607,1.776190327394268,0.3933698921665647,-0.17420199454222154,-0.5676462121975469,-0.092466883672188,-1.2213276991704927,-0.11631774025366513,1.465625429147336,-0.07931185746654404,-1.3215681504979144,0.030338633400458052,2.528770581853971,0.627021446206511,0.6302970129395105,0.6232037916090467,0.052512594178283585,1.0,0.0,0.0,0.0,0.0,0.0,0.0,0.0,1.0,0.0,0.0,1.0,0.0,1.0,0.0,0.0,0.0,0.0,0.0,0.0,1.0,1.0,0.0,0.0,0.0
0.5746491148841741,-1.0047950211974668,-1.5587567998296814,0.40533360494346615,0.9168526028537984,-0.5676462121975469,-0.7648084501496509,-1.0046339666821573,0.9929033077539762,0.9307294434309397,-0.07931185746654404,0.3622285294726619,1.7977488282786869,-0.6408867749932371,0.11368527009477364,-0.14233004890976994,0.6940867079306491,0.04224770272834498,0.0,0.0,0.0,0.0,0.0,1.0,0.0,0.0,0.0,1.0,0.0,1.0,0.0,0.0,1.0,0.0,0.0,0.0,0.0,1.0,0.0,0.0,1.0,0.0,0.0
0.5746491148841741,-0.48379019539137286,-1.4437586230288555,0.4172973177203676,0.9168526028537984,-0.5676462121975469,-0.7648084501496509,-1.0046339666821573,1.2668582826259769,-0.2711709265841529,1.7072024108203496,0.6989878654667772,0.6823141568089217,-0.23161783056516352,-0.1857608326370732,-0.4029476528563976,0.7295281660914503,0.08408402716481607,0.0,1.0,0.0,0.0,0.0,0.0,0.0,0.0,1.0,0.0,1.0,0.0,0.0,0.0,1.0,0.0,0.0,0.0,0.0,1.0,0.0,0.0,1.0,0.0,0.0
0.5746491148841741,-0.48379019539137286,-1.4437586230288555,0.4172973177203676,0.9168526028537984,-0.5676462121975469,-0.7648084501496509,-1.0046339666821573,1.2668582826259769,-0.2711709265841529,-1.1698527758379913,0.6989878654667772,0.34419942770039774,-0.5451004262973049,0.15646328477075175,0.012845518068567973,0.658645249769848,0.08408402716481607,0.0,0.0,0.0,0.0,0.0,1.0,0.0,0.0,0.0,1.0,0.0,0.0,1.0,1.0,0.0,0.0,0.0,0.0,0.0,0.0,1.0,1.0,0.0,0.0,0.0
0.5746491148841741,-0.48379019539137286,-1.4437586230288555,0.4172973177203676,0.9168526028537984,-0.5676462121975469,-0.7648084501496509,-1.0046339666821573,1.2668582826259769,-0.2711709265841529,-1.1698527758379913,0.6989878654667772,0.34419942770039774,-0.5451004262973049,0.15646328477075175,0.012845518068567973,0.1624648355186308,0.08408402716481607,0.0,0.0,0.0,0.0,0.0,1.0,0.0,0.0,0.0,1.0,0.0,0.0,1.0,0.0,0.0,1.0,0.0,0.0,1.0,0.0,0.0,0.0,0.0,1.0,0.0
0.5746491148841741,0.037214630414721096,-1.3287604462280298,0.4292610304972691,0.9168526028537984,-0.5676462121975469,-0.7648084501496509,-1.0046339666821573,0.499253500620652,-1.2350201879770537,-0.07931185746654404,1.3725065374550074,-0.6533307453869187,-0.5015611768900631,0.627021446206511,-1.1325994942523654,0.1624648355186308,0.16149068196663005,0.0,0.0,0.0,0.0,1.0,0.0,0.0,1.0,0.0,0.0,1.0,0.0,0.0,0.0,0.0,0.0,1.0,0.0,0.0,1.0,0.0,0.0,1.0,0.0,0.0
0.5746491148841741,0.037214630414721096,-1.3287604462280298,0.4292610304972691,0.9168526028537984,-0.5676462121975469,-0.7648084501496509,-1.0046339666821573,0.499253500620652,-1.2350201879770537,1.7072024108203496,1.0357472014608924,1.1023360258100545,-0.6408867749932371,-0.14298281796109508,-0.21242697036473876,0.41055504264423937,0.16149068196663005,0.0,1.0,0.0,0.0,0.0,0.0,0.0,0.0,1.0,0.0,1.0,0.0,0.0,0.0,0.0,0.0,0.0,1.0,0.0,0.0,1.0,0.0,0.0,0.0,1.0
0.5746491148841741,0.037214630414721096,-1.3287604462280298,0.4292610304972691,0.9168526028537984,-0.5676462121975469,-0.7648084501496509,-1.0046339666821573,0.499253500620652,-1.2350201879770537,1.7072024108203496,0.3622285294726619,-0.28374960138784144,-0.29257277973530216,0.627021446206511,-1.1325994942523654,0.6940867079306491,0.16149068196663005,0.0,0.0,0.0,0.0,1.0,0.0,0.0,1.0,0.0,0.0,0.0,0.0,1.0,1.0,0.0,0.0,0.0,0.0,0.0,0.0,1.0,1.0,0.0,0.0,0.0
0.5746491148841741,0.558219456220815,-1.2137622694272039,0.44122474327417055,0.9168526028537984,-0.5676462121975469,-0.7648084501496509,-1.0046339666821573,-0.7318889811279818,-1.2350201879770537,-0.07931185746654404,0.025469193478546592,-1.4849865659233568,-0.28386492985385375,0.6697994608824892,0.4727697036831167,0.7649696242522516,0.15458256994489,1.0,0.0,0.0,0.0,0.0,0.0,0.0,0.0,1.0,0.0,0.0,0.0,1.0,0.0,1.0,0.0,0.0,0.0,0.0,1.0,0.0,0.0,1.0,0.0,0.0
0.5746491148841741,0.558219456220815,-1.2137622694272039,0.44122474327417055,0.9168526028537984,-0.5676462121975469,-0.7648084501496509,-1.0046339666821573,-0.7318889811279818,-1.2350201879770537,-0.4848396361574339,-0.3112901425155687,0.11474110825660662,-0.49285332700861473,-0.10020480328511694,-0.19199694805550974,0.7649696242522516,0.15458256994489,0.0,1.0,0.0,0.0,0.0,0.0,0.0,0.0,1.0,0.0,0.0,1.0,0.0,0.0,1.0,0.0,0.0,0.0,0.0,1.0,0.0,0.0,1.0,0.0,0.0
0.5746491148841741,0.558219456220815,-1.2137622694272039,0.44122474327417055,0.9168526028537984,-0.5676462121975469,-0.7648084501496509,-1.0046339666821573,-0.7318889811279818,-1.2350201879770537,-0.4848396361574339,0.6989878654667772,-0.8815355306385193,-0.6408867749932371,0.7125774755584673,-1.12741588612072,0.7295281660914503,0.15458256994489,0.0,0.0,0.0,0.0,1.0,0.0,0.0,1.0,0.0,0.0,0.0,0.0,1.0,1.0,0.0,0.0,0.0,0.0,0.0,0.0,1.0,1.0,0.0,0.0,0.0
0.5746491148841741,1.6002291078330029,-0.9837659158255522,0.4651521688279735,0.9168526028537984,1.7616606585441108,-0.7648084501496509,-1.0046339666821573,-1.2255387882613067,0.9307294434309393,1.7072024108203496,-0.3112901425155687,0.8877349405296475,0.6391671575796739,0.242019314122708,0.14042133246770855,0.19790629367943202,0.14780773339623743,0.0,0.0,0.0,0.0,0.0,1.0,0.0,0.0,0.0,1.0,1.0,0.0,0.0,0.0,0.0,1.0,0.0,0.0,1.0,0.0,0.0,0.0,0.0,1.0,0.0
0.5746491148841741,1.6002291078330029,-0.9837659158255522,0.4651521688279735,0.9168526028537984,1.7616606585441108,-0.7648084501496509,-1.0046339666821573,-1.2255387882613067,0.9307294434309393,-0.819126048321546,-0.648049478509684,-0.13298351965176486,-0.41448267807557937,0.627021446206511,0.08237710435590886,0.4459965008050406,0.14780773339623743,0.0,0.0,0.0,1.0,0.0,0.0,0.0,0.0,1.0,0.0,0.0,1.0,0.0,0.0,0.0,0.0,0.0,1.0,0.0,0.0,1.0,0.0,0.0,0.0,1.0
0.5746491148841741,1.6002291078330029,-0.9837659158255522,0.4651521688279735,0.9168526028537984,1.7616606585441108,-0.7648084501496509,-1.0046339666821573,-1.2255387882613067,0.9307294434309393,0.6385819129186802,-0.648049478509684,0.7525550565848464,-0.37965127854978586,0.242019314122708,0.14042133246770855,0.835852540573854,0.14780773339623743,0.0,0.0,0.0,0.0,0.0,1.0,0.0,0.0,0.0,1.0,0.0,1.0,0.0,0.0,1.0,0.0,0.0,0.0,0.0,1.0,0.0,0.0,1.0,0.0,0.0
0.5746491148841741,-1.5257998470035607,-0.8687677390247264,0.47711588160487495,0.9168526028537984,-0.5676462121975469,-0.7648084501496509,-1.0046339666821573,-0.11631774025366513,1.465625429147336,-0.4848396361574339,0.6989878654667772,0.3483711304997497,-0.2403256804466119,0.6697994608824892,0.1443824652966931,0.4814379589658418,0.10506255295595299,0.0,0.0,0.0,1.0,0.0,0.0,0.0,0.0,1.0,0.0,0.0,0.0,1.0,0.0,0.0,0.0,0.0,1.0,0.0,0.0,1.0,0.0,0.0,0.0,1.0
0.5746491148841741,-1.5257998470035607,-0.8687677390247264,0.47711588160487495,0.9168526028537984,-0.5676462121975469,-0.7648084501496509,-1.0046339666821573,-0.11631774025366513,1.465625429147336,0.6385819129186802,-0.648049478509684,-0.8547717272197545,-0.21420213080226677,0.7125774755584673,0.5537616977004433,0.8712939987346553,0.10506255295595299,1.0,0.0,0.0,0.0,0.0,0.0,0.0,0.0,1.0,0.0,1.0,0.0,0.0,0.0,1.0,0.0,0.0,0.0,0.0,1.0,0.0,0.0,1.0,0.0,0.0
0.5746491148841741,-1.0047950211974668,-0.7537695622239005,0.4890795943817764,0.9168526028537984,-0.5676462121975469,-0.7648084501496509,-1.0046339666821573,0.9929033077539762,0.9307294434309397,-0.4848396361574339,0.6989878654667772,0.22830582598441818,-0.5451004262973049,0.7553554902344454,-1.181386250522354,0.9067354568954564,0.06804883461755058,0.0,0.0,0.0,0.0,1.0,0.0,0.0,1.0,0.0,0.0,0.0,1.0,0.0,0.0,1.0,0.0,0.0,0.0,0.0,1.0,0.0,0.0,1.0,0.0,0.0
0.5746491148841741,-0.48379019539137286,-0.6387713854230747,0.5010433071586778,0.9168526028537984,-0.5676462121975469,-0.7648084501496509,-1.0046339666821573,1.2668582826259769,-0.2711709265841529,-0.4848396361574339,2.046025209443238,-1.249095489017018,-0.5451004262973049,0.7125774755584673,0.7108545029003784,0.516879417126643,0.036307808893250144,0.0,0.0,1.0,0.0,0.0,0.0,1.0,0.0,0.0,0.0,1.0,0.0,0.0,0.0,0.0,0.0,0.0,1.0,0.0,0.0,1.0,0.0,0.0,0.0,1.0
0.5746491148841741,0.037214630414721096,-0.5237732086222487,0.5130070199355794,0.9168526028537984,-0.5676462121975469,-0.7648084501496509,-1.0046339666821573,0.499253500620652,-1.2350201879770537,-0.07931185746654404,0.3622285294726619,0.18566710284144716,-0.5538082761787534,0.3275753434746642,-0.09610284292243161,0.9421769150562577,0.040412126102009324,0.0,0.0,0.0,0.0,0.0,1.0,0.0,0.0,0.0,1.0,1.0,0.0,0.0,0.0,1.0,0.0,0.0,0.0,0.0,1.0,0.0,0.0,1.0,0.0,0.0
0.5746491148841741,0.558219456220815,-0.40877503182142294,0.5249707327124808,0.9168526028537984,-0.5676462121975469,-0.7648084501496509,-1.0046339666821573,-0.7318889811279818,-1.2350201879770537,-0.4848396361574339,0.3622285294726619,0.31247784715489374,-0.475437627245718,0.7553554902344454,0.7109146979939165,0.19790629367943202,0.05337420386217443,0.0,0.0,1.0,0.0,0.0,0.0,1.0,0.0,0.0,0.0,0.0,1.0,0.0,0.0,0.0,0.0,1.0,0.0,0.0,1.0,0.0,0.0,1.0,0.0,0.0
0.5746491148841741,0.558219456220815,-0.40877503182142294,0.5249707327124808,0.9168526028537984,-0.5676462121975469,-0.7648084501496509,-1.0046339666821573,-0.7318889811279818,-1.2350201879770537,-0.819126048321546,0.3622285294726619,2.1721088572517773,-0.266449230090957,0.37035335815064235,-0.050273547632092776,0.7649696242522516,0.05337420386217443,0.0,0.0,0.0,0.0,0.0,1.0,0.0,0.0,0.0,1.0,1.0,0.0,0.0,1.0,0.0,0.0,0.0,0.0,0.0,0.0,1.0,1.0,0.0,0.0,0.0
0.5746491148841741,1.079224282026909,-0.2937768550205971,0.5369344454893823,0.9168526028537984,1.7616606585441108,-0.7648084501496509,-1.0046339666821573,-1.4994937631333074,-0.27117092658415326,-0.4848396361574339,-0.3112901425155687,0.24905939134469052,-0.5973475255859952,-0.05742678860913883,-0.2529238375001057,0.5523208752874442,0.07905607755520978,0.0,1.0,0.0,0.0,0.0,0.0,0.0,0.0,1.0,0.0,0.0,1.0,0.0,0.0,0.0,0.0,0.0,1.0,0.0,0.0,1.0,0.0,0.0,0.0,1.0
0.5746491148841741,1.079224282026909,-0.2937768550205971,0.5369344454893823,0.9168526028537984,1.7616606585441108,-0.7648084501496509,-1.0046339666821573,-1.4994937631333074,-0.27117092658415326,-0.4848396361574339,0.3622285294726619,0.07014473601190059,-0.30998847949819885,0.41313137282662044,-0.12620991268333276,0.23334775184023324,0.07905607755520978,0.0,0.0,0.0,0.0,0.0,1.0,0.0,0.0,0.0,1.0,0.0,0.0,1.0,0.0,0.0,0.0,1.0,0.0,0.0,1.0,0.0,0.0,1.0,0.0,0.0
0.5746491148841741,-1.0047950211974668,0.05121767538188044,0.5728255838200866,0.9168526028537984,-0.5676462121975469,-0.7648084501496509,-1.0046339666821573,0.9929033077539762,0.9307294434309397,1.7072024108203496,0.6989878654667772,0.9135125436352189,-0.6147632253488919,0.7553554902344454,0.5033583169296235,0.26878921000103445,0.11319339011990104,1.0,0.0,0.0,0.0,0.0,0.0,0.0,0.0,1.0,0.0,0.0,1.0,0.0,0.0,0.0,0.0,1.0,0.0,0.0,1.0,0.0,0.0,1.0,0.0,0.0
0.5746491148841741,-0.48379019539137286,0.1662158521827063,0.5847892965969882,0.9168526028537984,-0.5676462121975469,-0.7648084501496509,-1.0046339666821573,1.2668582826259769,-0.2711709265841529,-0.4848396361574339,1.0357472014608924,0.3726277153733606,-0.4667297773642696,0.7981335049104236,0.8428675363637241,0.9776183732170589,0.12573080228494452,0.0,0.0,1.0,0.0,0.0,0.0,1.0,0.0,0.0,0.0,0.0,0.0,1.0,0.0,1.0,0.0,0.0,0.0,0.0,1.0,0.0,0.0,1.0,0.0,0.0
0.5746491148841741,-0.48379019539137286,0.1662158521827063,0.5847892965969882,0.9168526028537984,-0.5676462121975469,-0.7648084501496509,-1.0046339666821573,1.2668582826259769,-0.2711709265841529,-0.07931185746654404,0.3622285294726619,-1.0354241732387472,-0.35352772890544076,0.7125774755584673,0.07373264042536666,0.5877623334482455,0.12573080228494452,0.0,0.0,0.0,1.0,0.0,0.0,0.0,0.0,1.0,0.0,1.0,0.0,0.0,0.0,0.0,0.0,0.0,1.0,0.0,0.0,1.0,0.0,0.0,0.0,1.0
0.5746491148841741,-0.48379019539137286,0.1662158521827063,0.5847892965969882,0.9168526028537984,-0.5676462121975469,-0.7648084501496509,-1.0046339666821573,1.2668582826259769,-0.2711709265841529,1.7072024108203496,1.0357472014608924,-1.7969417964063366,-0.08358438258054116,0.7981335049104236,-1.2529336107724427,0.23334775184023324,0.12573080228494452,0.0,0.0,0.0,0.0,1.0,0.0,0.0,1.0,0.0,0.0,1.0,0.0,0.0,0.0,0.0,1.0,0.0,0.0,1.0,0.0,0.0,0.0,0.0,1.0,0.0
0.5746491148841741,0.037214630414721096,0.28121402898353215,0.5967530093738896,0.9168526028537984,-0.5676462121975469,-0.7648084501496509,-1.0046339666821573,0.499253500620652,-1.2350201879770537,-0.4848396361574339,0.3622285294726619,0.5730088601346423,-0.37965127854978586,0.7553554902344454,0.18775433350065557,1.01305983137786,0.11088599153886754,0.0,0.0,0.0,1.0,0.0,0.0,0.0,0.0,1.0,0.0,0.0,1.0,0.0,0.0,1.0,0.0,0.0,0.0,0.0,1.0,0.0,0.0,1.0,0.0,0.0
0.5746491148841741,0.037214630414721096,0.28121402898353215,0.5967530093738896,0.9168526028537984,-0.5676462121975469,-0.7648084501496509,-1.0046339666821573,0.499253500620652,-1.2350201879770537,1.7072024108203496,0.6989878654667772,2.1528077106360004,-0.5102690267715114,0.8409115195864016,0.7375498739209129,0.8004110824130528,0.11088599153886754,0.0,0.0,1.0,0.0,0.0,0.0,1.0,0.0,0.0,0.0,0.0,1.0,0.0,1.0,0.0,0.0,0.0,0.0,0.0,0.0,1.0,1.0,0.0,0.0,0.0
0.5746491148841741,0.037214630414721096,0.28121402898353215,0.5967530093738896,0.9168526028537984,-0.5676462121975469,-0.7648084501496509,-1.0046339666821573,0.499253500620652,-1.2350201879770537,0.6385819129186802,0.6989878654667772,-0.3267003028265106,-0.3709434286683375,0.8409115195864016,-1.300034574683694,1.01305983137786,0.11088599153886754,0.0,0.0,0.0,0.0,1.0,0.0,0.0,1.0,0.0,0.0,1.0,0.0,0.0,0.0,1.0,0.0,0.0,0.0,0.0,1.0,0.0,0.0,1.0,0.0,0.0
0.5746491148841741,0.558219456220815,0.396212205784358,0.6087167221507911,0.9168526028537984,-0.5676462121975469,-0.7648084501496509,-1.0046339666821573,-0.7318889811279818,-1.2350201879770537,0.6385819129186802,1.3725065374550074,0.868777721970202,-0.3709434286683375,0.7981335049104236,0.32600285847939425,1.0839427476994625,0.13924796902326667,0.0,0.0,0.0,1.0,0.0,0.0,0.0,0.0,1.0,0.0,0.0,0.0,1.0,0.0,1.0,0.0,0.0,0.0,0.0,1.0,0.0,0.0,1.0,0.0,0.0
0.5746491148841741,1.079224282026909,0.5112103825851838,0.6206804349276925,0.9168526028537984,1.7616606585441108,-0.7648084501496509,-1.0046339666821573,-1.4994937631333074,-0.27117092658415326,-0.4848396361574339,0.025469193478546592,0.45107953788881944,-0.5363925764158566,0.8836895342623797,-1.3667976344042367,0.3042306681618357,0.18568725592307067,0.0,0.0,0.0,0.0,1.0,0.0,0.0,1.0,0.0,0.0,1.0,0.0,0.0,0.0,0.0,0.0,1.0,0.0,0.0,1.0,0.0,0.0,1.0,0.0,0.0
0.5746491148841741,-1.5257998470035607,0.7412067361868355,0.6446078604814955,0.9168526028537984,-0.5676462121975469,-0.7648084501496509,-1.0046339666821573,-0.11631774025366513,1.465625429147336,1.7072024108203496,0.3622285294726619,0.838083304061249,-0.0748765326990928,-0.014648773933160712,-0.11371199130824527,0.33967212632263694,0.189168561421129,0.0,1.0,0.0,0.0,0.0,0.0,0.0,0.0,1.0,0.0,0.0,0.0,1.0,0.0,0.0,0.0,1.0,0.0,0.0,1.0,0.0,0.0,1.0,0.0,0.0
0.5746491148841741,-1.5257998470035607,0.7412067361868355,0.6446078604814955,0.9168526028537984,-0.5676462121975469,-0.7648084501496509,-1.0046339666821573,-0.11631774025366513,1.465625429147336,-0.4848396361574339,0.3622285294726619,-0.8975723053625092,-0.5015611768900631,0.7981335049104236,0.5352745434811037,0.26878921000103445,0.189168561421129,1.0,0.0,0.0,0.0,0.0,0.0,0.0,0.0,1.0,0.0,0.0,0.0,1.0,0.0,0.0,1.0,0.0,0.0,1.0,0.0,0.0,0.0,0.0,1.0,0.0
0.5746491148841741,-1.0047950211974668,0.8562049129876613,0.656571573258397,0.9168526028537984,-0.5676462121975469,-0.7648084501496509,-1.0046339666821573,0.9929033077539762,0.9307294434309397,-0.819126048321546,1.0357472014608924,-0.11874216040325603,-0.2054942809208184,0.8836895342623797,0.7682918712041142,0.6232037916090467,0.26394490346377275,0.0,0.0,1.0,0.0,0.0,0.0,1.0,0.0,0.0,0.0,0.0,1.0,0.0,0.0,0.0,0.0,0.0,1.0,0.0,0.0,1.0,0.0,0.0,0.0,1.0
0.5746491148841741,-1.0047950211974668,0.8562049129876613,0.656571573258397,0.9168526028537984,-0.5676462121975469,-0.7648084501496509,-1.0046339666821573,0.9929033077539762,0.9307294434309397,1.7072024108203496,0.025469193478546592,-2.422659598893768,-0.3012806296167505,0.8409115195864016,0.4642602916092654,1.1193842058602639,0.26394490346377275,0.0,0.0,0.0,1.0,0.0,0.0,0.0,0.0,1.0,0.0,1.0,0.0,0.0,0.0,1.0,0.0,0.0,0.0,0.0,1.0,0.0,0.0,1.0,0.0,0.0
0.5746491148841741,-0.48379019539137286,0.9712030897884872,0.6685352860352984,0.9168526028537984,-0.5676462121975469,-0.7648084501496509,-1.0046339666821573,1.2668582826259769,-0.2711709265841529,0.6385819129186802,-0.3112901425155687,-1.56979477426622,-0.35352772890544076,0.8836895342623797,0.46577420063113106,0.658645249769848,0.22818865436868155,0.0,0.0,0.0,1.0,0.0,0.0,0.0,0.0,1.0,0.0,0.0,1.0,0.0,0.0,0.0,0.0,0.0,1.0,0.0,0.0,1.0,0.0,0.0,0.0,1.0
0.5746491148841741,-0.48379019539137286,0.9712030897884872,0.6685352860352984,0.9168526028537984,-0.5676462121975469,-0.7648084501496509,-1.0046339666821573,1.2668582826259769,-0.2711709265841529,-1.1698527758379913,-0.3112901425155687,-1.259856272583406,-0.10100008234343791,0.4559093875025986,-0.10401664737426437,0.3042306681618357,0.22818865436868155,0.0,0.0,0.0,0.0,0.0,1.0,0.0,0.0,0.0,1.0,1.0,0.0,0.0,0.0,0.0,1.0,0.0,0.0,1.0,0.0,0.0,0.0,0.0,1.0,0.0
0.5746491148841741,0.037214630414721096,1.086201266589313,0.6804989988121999,0.9168526028537984,-0.5676462121975469,-0.7648084501496509,-1.0046339666821573,0.499253500620652,-1.2350201879770537,-1.1698527758379913,1.0357472014608924,0.8088129302693305,-0.25774138020950865,0.4986874021785767,-0.11818406771621057,0.33967212632263694,0.25154443115700054,0.0,0.0,0.0,0.0,0.0,1.0,0.0,0.0,0.0,1.0,1.0,0.0,0.0,0.0,0.0,1.0,0.0,0.0,1.0,0.0,0.0,0.0,0.0,1.0,0.0
0.5746491148841741,0.558219456220815,1.201199443390139,0.6924627115891013,0.9168526028537984,-0.5676462121975469,-0.7648084501496509,-1.0046339666821573,-0.7318889811279818,-1.2350201879770537,-0.819126048321546,1.0357472014608924,2.146370690802923,-0.5799318258230984,0.8409115195864016,0.6151637048145326,0.835852540573854,0.22132201006218685,1.0,0.0,0.0,0.0,0.0,0.0,0.0,0.0,1.0,0.0,0.0,1.0,0.0,1.0,0.0,0.0,0.0,0.0,0.0,0.0,1.0,1.0,0.0,0.0,0.0
0.5746491148841741,0.558219456220815,1.201199443390139,0.6924627115891013,0.9168526028537984,-0.5676462121975469,-0.7648084501496509,-1.0046339666821573,-0.7318889811279818,-1.2350201879770537,-1.1698527758379913,0.3622285294726619,0.2252395925648482,0.12540401457421982,0.5414654168545548,-0.220350840529614,0.6940867079306491,0.22132201006218685,0.0,0.0,0.0,0.0,0.0,1.0,0.0,0.0,0.0,1.0,0.0,0.0,1.0,0.0,0.0,0.0,0.0,1.0,0.0,0.0,1.0,0.0,0.0,0.0,1.0
0.5746491148841741,0.558219456220815,1.201199443390139,0.6924627115891013,0.9168526028537984,-0.5676462121975469,-0.7648084501496509,-1.0046339666821573,-0.7318889811279818,-1.2350201879770537,-1.1698527758379913,2.382784545437353,-1.108593092110836,-0.5102690267715114,0.9264675489383578,-1.3344523564597082,1.154825664021065,0.22132201006218685,0.0,0.0,0.0,0.0,1.0,0.0,0.0,1.0,0.0,0.0,1.0,0.0,0.0,0.0,1.0,0.0,0.0,0.0,0.0,1.0,0.0,0.0,1.0,0.0,0.0
0.5746491148841741,1.079224282026909,1.3161976201909649,0.7044264243660028,0.9168526028537984,1.7616606585441108,-0.7648084501496509,-1.0046339666821573,-1.4994937631333074,-0.27117092658415326,1.7072024108203496,1.3725065374550074,-1.8939121507569154,-0.5625161260602017,0.028129240742817405,0.08263924524997412,0.3751135844834381,0.1565733777838359,0.0,1.0,0.0,0.0,0.0,0.0,0.0,0.0,1.0,0.0,1.0,0.0,0.0,0.0,0.0,1.0,0.0,0.0,1.0,0.0,0.0,0.0,0.0,1.0,0.0
0.5746491148841741,1.6002291078330029,1.4311957969917906,0.7163901371429043,0.9168526028537984,1.7616606585441108,-0.7648084501496509,-1.0046339666821573,-1.2255387882613067,0.9307294434309393,-1.1698527758379913,1.3725065374550074,1.056054744686413,-0.44060622771992447,0.8836895342623797,0.48600838753048453,0.7295281660914503,0.11871838085064194,1.0,0.0,0.0,0.0,0.0,0.0,0.0,0.0,1.0,0.0,1.0,0.0,0.0,0.0,0.0,0.0,0.0,1.0,0.0,0.0,1.0,0.0,0.0,0.0,1.0
0.5746491148841741,-1.5257998470035607,1.5461939737926165,0.7283538499198058,0.9168526028537984,-0.5676462121975469,-0.7648084501496509,-1.0046339666821573,-0.11631774025366513,1.465625429147336,0.6385819129186802,-0.3112901425155687,0.8807530386652974,0.0644490654040812,0.5842434315305329,-0.18188450560115368,0.8712939987346553,0.12227292242165468,0.0,0.0,0.0,0.0,0.0,1.0,0.0,0.0,0.0,1.0,0.0,0.0,1.0,1.0,0.0,0.0,0.0,0.0,0.0,0.0,1.0,1.0,0.0,0.0,0.0
0.5746491148841741,-1.0047950211974668,1.6611921505934424,0.7403175626967072,0.9168526028537984,-0.5676462121975469,-0.7648084501496509,-1.0046339666821573,0.9929033077539762,0.9307294434309397,0.6385819129186802,1.7092658734491226,-0.22071204657386864,-0.4231905279570277,0.07090725541879553,-0.0858489822393472,0.9067354568954564,0.09295080867554675,0.0,1.0,0.0,0.0,0.0,0.0,0.0,0.0,1.0,0.0,1.0,0.0,0.0,1.0,0.0,0.0,0.0,0.0,0.0,0.0,1.0,1.0,0.0,0.0,0.0
0.5746491148841741,-1.0047950211974668,1.6611921505934424,0.7403175626967072,0.9168526028537984,-0.5676462121975469,-0.7648084501496509,-1.0046339666821573,0.9929033077539762,0.9307294434309397,-1.1698527758379913,0.3622285294726619,-0.7946437151144662,-0.2054942809208184,0.07090725541879553,-0.0858489822393472,0.7649696242522516,0.09295080867554675,0.0,1.0,0.0,0.0,0.0,0.0,0.0,0.0,1.0,0.0,0.0,1.0,0.0,0.0,0.0,0.0,0.0,1.0,0.0,0.0,1.0,0.0,0.0,0.0,1.0
0.5746491148841741,-0.48379019539137286,1.776190327394268,0.7522812754736087,0.9168526028537984,-0.5676462121975469,-0.7648084501496509,-1.0046339666821573,1.2668582826259769,-0.2711709265841529,1.7072024108203496,-0.3112901425155687,0.0931579904492936,0.15152756421856492,0.969245563614336,-1.4325024539831201,1.1902671221818661,0.07564693834199532,0.0,0.0,0.0,0.0,1.0,0.0,0.0,1.0,0.0,0.0,0.0,0.0,1.0,0.0,1.0,0.0,0.0,0.0,0.0,1.0,0.0,0.0,1.0,0.0,0.0
0.5746491148841741,0.037214630414721096,1.8911885041950942,0.7642449882505101,0.9168526028537984,-0.5676462121975469,-0.7648084501496509,-1.0046339666821573,0.499253500620652,-1.2350201879770537,1.7072024108203496,0.025469193478546592,-1.2218490812964946,-0.5799318258230984,0.9264675489383578,0.5374701323977035,0.3751135844834381,0.1037139972324684,0.0,0.0,0.0,1.0,0.0,0.0,0.0,0.0,1.0,0.0,1.0,0.0,0.0,0.0,0.0,0.0,1.0,0.0,0.0,1.0,0.0,0.0,1.0,0.0,0.0
0.9388741197907878,0.558219456220815,-1.5587567998296814,0.7762087010274116,0.9168526028537984,-0.5676462121975469,-1.256996636851602,-0.4126156798422859,-0.7318889811279818,-1.2350201879770537,1.7072024108203496,1.7092658734491226,1.2894767113513441,-0.5276847265344082,0.969245563614336,0.5888891531142951,1.2257085803426675,0.12350034446650485,0.0,0.0,0.0,1.0,0.0,0.0,0.0,0.0,1.0,0.0,0.0,0.0,1.0,0.0,1.0,0.0,0.0,0.0,0.0,1.0,0.0,0.0,1.0,0.0,0.0
0.9388741197907878,0.558219456220815,-1.5587567998296814,0.7762087010274116,0.9168526028537984,-0.5676462121975469,-1.256996636851602,-0.4126156798422859,-0.7318889811279818,-1.2350201879770537,-1.1698527758379913,-0.648049478509684,0.21363614881746687,0.36922381125477427,0.9264675489383578,0.4889363752189827,0.41055504264423937,0.12350034446650485,1.0,0.0,0.0,0.0,0.0,0.0,0.0,0.0,1.0,0.0,1.0,0.0,0.0,0.0,0.0,0.0,1.0,0.0,0.0,1.0,0.0,0.0,1.0,0.0,0.0
0.9388741197907878,1.079224282026909,-1.4437586230288555,0.7881724138043131,0.9168526028537984,1.7616606585441108,-1.256996636851602,-0.4126156798422859,-1.4994937631333074,-0.27117092658415326,1.7072024108203496,2.7195438814314685,-1.3951422507099673,-0.5799318258230984,0.627021446206511,-0.2815725816643886,0.41055504264423937,0.04970438483819621,0.0,0.0,0.0,0.0,0.0,1.0,0.0,0.0,0.0,1.0,1.0,0.0,0.0,0.0,0.0,1.0,0.0,0.0,1.0,0.0,0.0,0.0,0.0,1.0,0.0
0.9388741197907878,1.6002291078330029,-1.3287604462280298,0.8001361265812146,0.9168526028537984,1.7616606585441108,-1.256996636851602,-0.4126156798422859,-1.2255387882613067,0.9307294434309393,-1.1698527758379913,0.6989878654667772,-1.1222684607383793,0.2560217627959454,0.15646328477075175,-0.15734612021943942,0.9421769150562577,0.07752620031372981,0.0,1.0,0.0,0.0,0.0,0.0,0.0,0.0,1.0,0.0,0.0,1.0,0.0,1.0,0.0,0.0,0.0,0.0,0.0,0.0,1.0,1.0,0.0,0.0,0.0
0.9388741197907878,1.6002291078330029,-1.3287604462280298,0.8001361265812146,0.9168526028537984,1.7616606585441108,-1.256996636851602,-0.4126156798422859,-1.2255387882613067,0.9307294434309393,-1.1698527758379913,0.6989878654667772,0.23019045569571767,-0.12712363198778304,0.6697994608824892,-0.18295099297794606,0.9421769150562577,0.07752620031372981,0.0,0.0,0.0,0.0,0.0,1.0,0.0,0.0,0.0,1.0,0.0,1.0,0.0,1.0,0.0,0.0,0.0,0.0,0.0,0.0,1.0,1.0,0.0,0.0,0.0
0.9388741197907878,1.6002291078330029,-1.3287604462280298,0.8001361265812146,0.9168526028537984,1.7616606585441108,-1.256996636851602,-0.4126156798422859,-1.2255387882613067,0.9307294434309393,-0.07931185746654404,1.0357472014608924,1.9135332701470826,-0.29257277973530216,1.0120235782903142,-1.3296552142833375,0.4459965008050406,0.07752620031372981,0.0,0.0,0.0,0.0,1.0,0.0,0.0,1.0,0.0,0.0,0.0,0.0,1.0,0.0,0.0,0.0,1.0,0.0,0.0,1.0,0.0,0.0,1.0,0.0,0.0
0.9388741197907878,1.6002291078330029,-1.3287604462280298,0.8001361265812146,0.9168526028537984,1.7616606585441108,-1.256996636851602,-0.4126156798422859,-1.2255387882613067,0.9307294434309393,-1.1698527758379913,0.025469193478546592,-1.0904634767502668,-0.30998847949819885,1.0120235782903142,-1.3296552142833375,0.4459965008050406,0.07752620031372981,0.0,0.0,0.0,0.0,1.0,0.0,0.0,1.0,0.0,0.0,0.0,0.0,1.0,0.0,0.0,1.0,0.0,0.0,1.0,0.0,0.0,0.0,0.0,1.0,0.0
0.9388741197907878,1.6002291078330029,-1.3287604462280298,0.8001361265812146,0.9168526028537984,1.7616606585441108,-1.256996636851602,-0.4126156798422859,-1.2255387882613067,0.9307294434309393,1.7072024108203496,2.046025209443238,-0.4992323046007771,-0.6060553754674436,0.969245563614336,0.3922807076072872,0.4459965008050406,0.07752620031372981,1.0,0.0,0.0,0.0,0.0,0.0,0.0,0.0,1.0,0.0,1.0,0.0,0.0,0.0,0.0,1.0,0.0,0.0,1.0,0.0,0.0,0.0,0.0,1.0,0.0
0.9388741197907878,-1.0047950211974668,-1.098764092626378,0.8240635521350175,0.9168526028537984,-0.5676462121975469,-1.256996636851602,-0.4126156798422859,0.9929033077539762,0.9307294434309397,1.7072024108203496,0.3622285294726619,0.45081759906465785,-0.5015611768900631,0.19924129944672989,-0.03831642721837685,1.2611500385034686,0.11904237722065494,0.0,1.0,0.0,0.0,0.0,0.0,0.0,0.0,1.0,0.0,1.0,0.0,0.0,0.0,1.0,0.0,0.0,0.0,0.0,1.0,0.0,0.0,1.0,0.0,0.0
0.9388741197907878,-1.0047950211974668,-1.098764092626378,0.8240635521350175,0.9168526028537984,-0.5676462121975469,-1.256996636851602,-0.4126156798422859,0.9929033077539762,0.9307294434309397,-0.819126048321546,0.025469193478546592,0.5726322084406475,-0.5973475255859952,1.0120235782903142,0.30216828432845566,0.516879417126643,0.11904237722065494,1.0,0.0,0.0,0.0,0.0,0.0,0.0,0.0,1.0,0.0,0.0,0.0,1.0,0.0,0.0,1.0,0.0,0.0,1.0,0.0,0.0,0.0,0.0,1.0,0.0
0.9388741197907878,-1.0047950211974668,-1.098764092626378,0.8240635521350175,0.9168526028537984,-0.5676462121975469,-1.256996636851602,-0.4126156798422859,0.9929033077539762,0.9307294434309397,-1.1698527758379913,0.6989878654667772,1.1400854684041914,-0.4841454771271664,1.0120235782903142,0.4459977748181936,0.8004110824130528,0.11904237722065494,0.0,0.0,0.0,1.0,0.0,0.0,0.0,0.0,1.0,0.0,0.0,1.0,0.0,0.0,0.0,0.0,0.0,1.0,0.0,0.0,1.0,0.0,0.0,0.0,1.0
0.9388741197907878,-1.0047950211974668,-1.098764092626378,0.8240635521350175,0.9168526028537984,-0.5676462121975469,-1.256996636851602,-0.4126156798422859,0.9929033077539762,0.9307294434309397,0.6385819129186802,0.3622285294726619,-2.1526658150709794,-0.5276847265344082,0.7125774755584673,-0.06019480627804052,0.516879417126643,0.11904237722065494,0.0,0.0,0.0,0.0,0.0,1.0,0.0,0.0,0.0,1.0,1.0,0.0,0.0,0.0,0.0,1.0,0.0,0.0,1.0,0.0,0.0,0.0,0.0,1.0,0.0
0.9388741197907878,0.558219456220815,-0.7537695622239005,0.8599546904657219,0.9168526028537984,-0.5676462121975469,-1.256996636851602,-0.4126156798422859,-0.7318889811279818,-1.2350201879770537,-1.1698527758379913,0.025469193478546592,-0.956501732498688,-0.5102690267715114,0.7553554902344454,-0.13001324243278467,1.01305983137786,0.0619377926316995,0.0,0.0,0.0,0.0,0.0,1.0,0.0,0.0,0.0,1.0,0.0,1.0,0.0,1.0,0.0,0.0,0.0,0.0,0.0,0.0,1.0,1.0,0.0,0.0,0.0
0.9388741197907878,0.558219456220815,-0.7537695622239005,0.8599546904657219,0.9168526028537984,-0.5676462121975469,-1.256996636851602,-0.4126156798422859,-0.7318889811279818,-1.2350201879770537,1.7072024108203496,0.6989878654667772,0.3397955191742822,-0.3970669783126826,1.0548015929662922,0.39955041157461746,1.29659149666427,0.0619377926316995,1.0,0.0,0.0,0.0,0.0,0.0,0.0,0.0,1.0,0.0,1.0,0.0,0.0,0.0,1.0,0.0,0.0,0.0,0.0,1.0,0.0,0.0,1.0,0.0,0.0
0.9388741197907878,1.6002291078330029,-0.5237732086222487,0.8838821160195248,0.9168526028537984,1.7616606585441108,-1.256996636851602,-0.4126156798422859,-1.2255387882613067,0.9307294434309393,-0.819126048321546,0.6989878654667772,0.331882962461858,0.17765111386291005,0.9264675489383578,0.6327076780131133,0.835852540573854,0.0221473801672302,0.0,0.0,1.0,0.0,0.0,0.0,1.0,0.0,0.0,0.0,1.0,0.0,0.0,0.0,0.0,0.0,0.0,1.0,0.0,0.0,1.0,0.0,0.0,0.0,1.0
0.9388741197907878,1.6002291078330029,-0.5237732086222487,0.8838821160195248,0.9168526028537984,1.7616606585441108,-1.256996636851602,-0.4126156798422859,-1.2255387882613067,0.9307294434309393,1.7072024108203496,-0.9848088145037992,-1.1265020100611813,-0.29257277973530216,1.0975796076422704,0.4017148599244198,1.0485012895386614,0.0221473801672302,1.0,0.0,0.0,0.0,0.0,0.0,0.0,0.0,1.0,0.0,0.0,1.0,0.0,1.0,0.0,0.0,0.0,0.0,0.0,0.0,1.0,1.0,0.0,0.0,0.0
0.9388741197907878,1.6002291078330029,-0.5237732086222487,0.8838821160195248,0.9168526028537984,1.7616606585441108,-1.256996636851602,-0.4126156798422859,-1.2255387882613067,0.9307294434309393,-0.07931185746654404,0.6989878654667772,1.1208173303817484,0.003494116233942577,0.7981335049104236,-0.2744470569535558,1.3320329548250711,0.0221473801672302,0.0,0.0,0.0,0.0,0.0,1.0,0.0,0.0,0.0,1.0,0.0,0.0,1.0,0.0,1.0,0.0,0.0,0.0,0.0,1.0,0.0,0.0,1.0,0.0,0.0
0.9388741197907878,-1.5257998470035607,-0.40877503182142294,0.8958458287964263,0.9168526028537984,-0.5676462121975469,-1.256996636851602,-0.4126156798422859,-0.11631774025366513,1.465625429147336,-1.1698527758379913,-0.3112901425155687,0.20893406057680572,0.7436613561570543,0.242019314122708,-0.165386822710534,1.0839427476994625,-0.06769372734854795,0.0,1.0,0.0,0.0,0.0,0.0,0.0,0.0,1.0,0.0,0.0,0.0,1.0,1.0,0.0,0.0,0.0,0.0,0.0,0.0,1.0,1.0,0.0,0.0,0.0
0.9388741197907878,-0.48379019539137286,-0.17877867821977125,0.9197732543502293,0.9168526028537984,-0.5676462121975469,-1.256996636851602,-0.4126156798422859,1.2668582826259769,-0.2711709265841529,-0.819126048321546,0.025469193478546592,0.6640536985394628,-0.16195503151357651,1.1403576223182486,0.37867492791522844,0.4814379589658418,-0.07157563427412911,1.0,0.0,0.0,0.0,0.0,0.0,0.0,0.0,1.0,0.0,0.0,1.0,0.0,0.0,0.0,0.0,1.0,0.0,0.0,1.0,0.0,0.0,1.0,0.0,0.0
0.9388741197907878,-0.48379019539137286,-0.17877867821977125,0.9197732543502293,0.9168526028537984,-0.5676462121975469,-1.256996636851602,-0.4126156798422859,1.2668582826259769,-0.2711709265841529,-0.07931185746654404,1.3725065374550074,-0.597181408846398,-0.4580219274828212,1.1403576223182486,0.37867492791522844,0.5877623334482455,-0.07157563427412911,1.0,0.0,0.0,0.0,0.0,0.0,0.0,0.0,1.0,0.0,0.0,1.0,0.0,0.0,0.0,1.0,0.0,0.0,1.0,0.0,0.0,0.0,0.0,1.0,0.0
0.9388741197907878,0.037214630414721096,-0.06378050141894541,0.9317369671271307,0.9168526028537984,-0.5676462121975469,-1.256996636851602,-0.4126156798422859,0.499253500620652,-1.2350201879770537,1.7072024108203496,0.3622285294726619,-0.8272772776340557,-0.5276847265344082,0.28479732879868613,-0.18041090249981537,1.3674744129858725,-0.05623702483938424,0.0,1.0,0.0,0.0,0.0,0.0,0.0,0.0,1.0,0.0,1.0,0.0,0.0,0.0,1.0,0.0,0.0,0.0,0.0,1.0,0.0,0.0,1.0,0.0,0.0
0.9388741197907878,0.037214630414721096,-0.06378050141894541,0.9317369671271307,0.9168526028537984,-0.5676462121975469,-1.256996636851602,-0.4126156798422859,0.499253500620652,-1.2350201879770537,-0.4848396361574339,1.7092658734491226,-0.8638987374534889,-0.21420213080226677,0.28479732879868613,-0.18041090249981537,0.516879417126643,-0.05623702483938424,0.0,1.0,0.0,0.0,0.0,0.0,0.0,0.0,1.0,0.0,0.0,0.0,1.0,0.0,0.0,0.0,1.0,0.0,0.0,1.0,0.0,0.0,1.0,0.0,0.0
0.9388741197907878,0.558219456220815,0.05121767538188044,0.9437006799040322,0.9168526028537984,-0.5676462121975469,-1.256996636851602,-0.4126156798422859,-0.7318889811279818,-1.2350201879770537,-0.07931185746654404,0.6989878654667772,1.6626583624494455,-0.34481987902399236,0.969245563614336,0.48254017598580257,0.6232037916090467,-0.08689399475675444,0.0,0.0,1.0,0.0,0.0,0.0,1.0,0.0,0.0,0.0,1.0,0.0,0.0,0.0,0.0,1.0,0.0,0.0,1.0,0.0,0.0,0.0,0.0,1.0,0.0
0.9388741197907878,0.558219456220815,0.05121767538188044,0.9437006799040322,0.9168526028537984,-0.5676462121975469,-1.256996636851602,-0.4126156798422859,-0.7318889811279818,-1.2350201879770537,-0.819126048321546,0.025469193478546592,0.10932885073484289,0.9961890027190572,0.8409115195864016,-0.4174793679045422,0.6232037916090467,-0.08689399475675444,0.0,0.0,0.0,0.0,0.0,1.0,0.0,0.0,0.0,1.0,1.0,0.0,0.0,0.0,0.0,1.0,0.0,0.0,1.0,0.0,0.0,0.0,0.0,1.0,0.0
0.9388741197907878,1.079224282026909,0.1662158521827063,0.9556643926809336,0.9168526028537984,1.7616606585441108,-1.256996636851602,-0.4126156798422859,-1.4994937631333074,-0.27117092658415326,-1.1698527758379913,1.3725065374550074,0.3475165461396424,-0.4493140776013729,1.0975796076422704,-1.280964472500851,1.4029158711466736,-0.12481961446137926,0.0,0.0,0.0,0.0,1.0,0.0,0.0,1.0,0.0,0.0,1.0,0.0,0.0,0.0,1.0,0.0,0.0,0.0,0.0,1.0,0.0,0.0,1.0,0.0,0.0
0.9388741197907878,1.6002291078330029,0.28121402898353215,0.9676281054578351,0.9168526028537984,1.7616606585441108,-1.256996636851602,-0.4126156798422859,-1.2255387882613067,0.9307294434309393,-0.4848396361574339,2.382784545437353,-0.7720997305921168,-0.5276847265344082,1.0548015929662922,0.296169350943566,1.4383573293074747,-0.15120741313925154,0.0,0.0,0.0,1.0,0.0,0.0,0.0,0.0,1.0,0.0,1.0,0.0,0.0,0.0,1.0,0.0,0.0,0.0,0.0,1.0,0.0,0.0,1.0,0.0,0.0
0.9388741197907878,1.6002291078330029,0.28121402898353215,0.9676281054578351,0.9168526028537984,1.7616606585441108,-1.256996636851602,-0.4126156798422859,-1.2255387882613067,0.9307294434309393,-1.1698527758379913,-0.3112901425155687,0.03112992918346393,0.003494116233942577,1.0120235782903142,0.410595893394917,0.5523208752874442,-0.15120741313925154,0.0,0.0,1.0,0.0,0.0,0.0,1.0,0.0,0.0,0.0,1.0,0.0,0.0,0.0,0.0,0.0,1.0,0.0,0.0,1.0,0.0,0.0,1.0,0.0,0.0
0.9388741197907878,1.6002291078330029,0.28121402898353215,0.9676281054578351,0.9168526028537984,1.7616606585441108,-1.256996636851602,-0.4126156798422859,-1.2255387882613067,0.9307294434309393,-0.4848396361574339,1.3725065374550074,2.250390321683391,-0.5276847265344082,1.0548015929662922,0.296169350943566,0.6940867079306491,-0.15120741313925154,0.0,0.0,0.0,1.0,0.0,0.0,0.0,0.0,1.0,0.0,0.0,0.0,1.0,0.0,0.0,1.0,0.0,0.0,1.0,0.0,0.0,0.0,0.0,1.0,0.0
0.9388741197907878,-1.0047950211974668,0.5112103825851838,0.9915555310116381,0.9168526028537984,-0.5676462121975469,-1.256996636851602,-0.4126156798422859,0.9929033077539762,0.9307294434309397,-0.4848396361574339,0.025469193478546592,-0.1752623655246437,-0.24903353032806028,1.2259136516702047,0.40678582041560896,1.1193842058602639,-0.12429565509181183,1.0,0.0,0.0,0.0,0.0,0.0,0.0,0.0,1.0,0.0,0.0,1.0,0.0,1.0,0.0,0.0,0.0,0.0,0.0,0.0,1.0,1.0,0.0,0.0,0.0
0.9388741197907878,-1.0047950211974668,0.5112103825851838,0.9915555310116381,0.9168526028537984,-0.5676462121975469,-1.256996636851602,-0.4126156798422859,0.9929033077539762,0.9307294434309397,-1.1698527758379913,0.3622285294726619,-1.7099923255816116,-0.1445393317506798,1.2259136516702047,0.40678582041560896,0.7295281660914503,-0.12429565509181183,1.0,0.0,0.0,0.0,0.0,0.0,0.0,0.0,1.0,0.0,0.0,1.0,0.0,0.0,0.0,1.0,0.0,0.0,1.0,0.0,0.0,0.0,0.0,1.0,0.0
0.9388741197907878,-0.48379019539137286,0.6262085593860097,1.0035192437885394,0.9168526028537984,-0.5676462121975469,-1.256996636851602,-0.4126156798422859,1.2668582826259769,-0.2711709265841529,-0.819126048321546,0.6989878654667772,-0.03381467883180367,-0.5189768766529599,0.8836895342623797,-0.4773646736228616,1.154825664021065,-0.11656068761756157,0.0,0.0,0.0,0.0,0.0,1.0,0.0,0.0,0.0,1.0,1.0,0.0,0.0,1.0,0.0,0.0,0.0,0.0,0.0,0.0,1.0,1.0,0.0,0.0,0.0
0.9388741197907878,-0.48379019539137286,0.6262085593860097,1.0035192437885394,0.9168526028537984,-0.5676462121975469,-1.256996636851602,-0.4126156798422859,1.2668582826259769,-0.2711709265841529,-1.1698527758379913,0.6989878654667772,-1.611683414671583,-0.6408867749932371,1.1403576223182486,0.37685266492530467,1.473798787468276,-0.11656068761756157,0.0,0.0,0.0,1.0,0.0,0.0,0.0,0.0,1.0,0.0,0.0,1.0,0.0,0.0,1.0,0.0,0.0,0.0,0.0,1.0,0.0,0.0,1.0,0.0,0.0
0.9388741197907878,-0.48379019539137286,0.6262085593860097,1.0035192437885394,0.9168526028537984,-0.5676462121975469,-1.256996636851602,-0.4126156798422859,1.2668582826259769,-0.2711709265841529,0.6385819129186802,0.6989878654667772,-0.48463431764316894,-0.34481987902399236,1.1403576223182486,0.37685266492530467,0.7649696242522516,-0.11656068761756157,0.0,0.0,0.0,1.0,0.0,0.0,0.0,0.0,1.0,0.0,1.0,0.0,0.0,0.0,0.0,1.0,0.0,0.0,1.0,0.0,0.0,0.0,0.0,1.0,0.0
0.9388741197907878,-0.48379019539137286,0.6262085593860097,1.0035192437885394,0.9168526028537984,-0.5676462121975469,-1.256996636851602,-0.4126156798422859,1.2668582826259769,-0.2711709265841529,-0.4848396361574339,2.046025209443238,0.7122184710411293,-0.4841454771271664,1.1403576223182486,-1.3450496860081658,1.154825664021065,-0.11656068761756157,0.0,0.0,0.0,0.0,1.0,0.0,0.0,1.0,0.0,0.0,0.0,0.0,1.0,1.0,0.0,0.0,0.0,0.0,0.0,0.0,1.0,1.0,0.0,0.0,0.0
0.9388741197907878,0.558219456220815,0.8562049129876613,1.0274466693423425,0.9168526028537984,-0.5676462121975469,-1.256996636851602,-0.4126156798422859,-0.7318889811279818,-1.2350201879770537,-1.1698527758379913,-0.3112901425155687,-0.10817925054800753,-0.2403256804466119,1.1831356369942265,-1.2935816924657053,0.8004110824130528,-0.09393405647943961,0.0,0.0,0.0,0.0,1.0,0.0,0.0,1.0,0.0,0.0,0.0,1.0,0.0,0.0,0.0,1.0,0.0,0.0,1.0,0.0,0.0,0.0,0.0,1.0,0.0
0.9388741197907878,1.079224282026909,0.9712030897884872,1.039410382119244,0.9168526028537984,1.7616606585441108,-1.256996636851602,-0.4126156798422859,-1.4994937631333074,-0.27117092658415326,-0.4848396361574339,1.0357472014608924,0.3359580366763208,-0.5189768766529599,0.9264675489383578,-0.4335584439104893,0.5877623334482455,-0.07543644387946517,0.0,0.0,0.0,0.0,0.0,1.0,0.0,0.0,0.0,1.0,1.0,0.0,0.0,0.0,0.0,0.0,1.0,0.0,0.0,1.0,0.0,0.0,1.0,0.0,0.0
0.9388741197907878,1.6002291078330029,1.086201266589313,1.0513740948961454,0.9168526028537984,1.7616606585441108,-1.256996636851602,-0.4126156798422859,-1.2255387882613067,0.9307294434309393,0.6385819129186802,1.3725065374550074,0.06663252214375202,-0.6408867749932371,0.969245563614336,-0.49093256697709725,1.2257085803426675,-0.09383796498541369,0.0,0.0,0.0,0.0,0.0,1.0,0.0,0.0,0.0,1.0,1.0,0.0,0.0,1.0,0.0,0.0,0.0,0.0,0.0,0.0,1.0,1.0,0.0,0.0,0.0
0.9388741197907878,1.6002291078330029,1.086201266589313,1.0513740948961454,0.9168526028537984,1.7616606585441108,-1.256996636851602,-0.4126156798422859,-1.2255387882613067,0.9307294434309393,-0.4848396361574339,1.7092658734491226,-2.198081518980848,-0.3970669783126826,1.0548015929662922,0.3930573137635873,1.2257085803426675,-0.09383796498541369,0.0,0.0,1.0,0.0,0.0,0.0,1.0,0.0,0.0,0.0,1.0,0.0,0.0,1.0,0.0,0.0,0.0,0.0,0.0,0.0,1.0,1.0,0.0,0.0,0.0
0.9388741197907878,1.6002291078330029,1.086201266589313,1.0513740948961454,0.9168526028537984,1.7616606585441108,-1.256996636851602,-0.4126156798422859,-1.2255387882613067,0.9307294434309393,-0.07931185746654404,1.0357472014608924,-0.28727327947808307,-0.5276847265344082,1.3114696810221609,0.41485290935611363,1.5092402456290772,-0.09383796498541369,1.0,0.0,0.0,0.0,0.0,0.0,0.0,0.0,1.0,0.0,1.0,0.0,0.0,0.0,1.0,0.0,0.0,0.0,0.0,1.0,0.0,0.0,1.0,0.0,0.0
0.9388741197907878,-1.5257998470035607,1.201199443390139,1.0633378076730469,0.9168526028537984,-0.5676462121975469,-1.256996636851602,-0.4126156798422859,-0.11631774025366513,1.465625429147336,-0.07931185746654404,0.3622285294726619,1.0297516449106332,-0.475437627245718,1.2259136516702047,0.3643391625100881,1.29659149666427,-0.06813274735803208,0.0,0.0,0.0,1.0,0.0,0.0,0.0,0.0,1.0,0.0,0.0,0.0,1.0,1.0,0.0,0.0,0.0,0.0,0.0,0.0,1.0,1.0,0.0,0.0,0.0
0.9388741197907878,-1.5257998470035607,1.201199443390139,1.0633378076730469,0.9168526028537984,-0.5676462121975469,-1.256996636851602,-0.4126156798422859,-0.11631774025366513,1.465625429147336,-0.07931185746654404,0.025469193478546592,0.2516391430340888,-0.6234710752303403,1.354247695698139,0.3976754368175107,0.835852540573854,-0.06813274735803208,1.0,0.0,0.0,0.0,0.0,0.0,0.0,0.0,1.0,0.0,0.0,1.0,0.0,0.0,0.0,1.0,0.0,0.0,1.0,0.0,0.0,0.0,0.0,1.0,0.0
0.9388741197907878,-1.5257998470035607,1.201199443390139,1.0633378076730469,0.9168526028537984,-0.5676462121975469,-1.256996636851602,-0.4126156798422859,-0.11631774025366513,1.465625429147336,0.6385819129186802,-0.3112901425155687,-0.4110629826287782,-0.44060622771992447,1.354247695698139,0.3976754368175107,1.5446817037898786,-0.06813274735803208,1.0,0.0,0.0,0.0,0.0,0.0,0.0,0.0,1.0,0.0,1.0,0.0,0.0,0.0,1.0,0.0,0.0,0.0,0.0,1.0,0.0,0.0,1.0,0.0,0.0
0.9388741197907878,-1.0047950211974668,1.3161976201909649,1.0753015204499483,0.9168526028537984,-0.5676462121975469,-1.256996636851602,-0.4126156798422859,0.9929033077539762,0.9307294434309397,-0.07931185746654404,0.3622285294726619,1.0384588844376985,-0.5363925764158566,1.268691666346183,0.4360398557071143,1.3320329548250711,-0.02832666733968496,0.0,0.0,0.0,1.0,0.0,0.0,0.0,0.0,1.0,0.0,0.0,1.0,0.0,1.0,0.0,0.0,0.0,0.0,0.0,0.0,1.0,1.0,0.0,0.0,0.0
0.9388741197907878,-1.0047950211974668,1.3161976201909649,1.0753015204499483,0.9168526028537984,-0.5676462121975469,-1.256996636851602,-0.4126156798422859,0.9929033077539762,0.9307294434309397,-0.819126048321546,1.0357472014608924,-0.17201874890356877,-0.22290998068371515,1.268691666346183,0.4360398557071143,1.5801231619506797,-0.02832666733968496,0.0,0.0,0.0,1.0,0.0,0.0,0.0,0.0,1.0,0.0,0.0,1.0,0.0,0.0,1.0,0.0,0.0,0.0,0.0,1.0,0.0,0.0,1.0,0.0,0.0
0.9388741197907878,-1.0047950211974668,1.3161976201909649,1.0753015204499483,0.9168526028537984,-0.5676462121975469,-1.256996636851602,-0.4126156798422859,0.9929033077539762,0.9307294434309397,0.6385819129186802,1.3725065374550074,1.5081410191538853,-0.3709434286683375,0.37035335815064235,-0.3007550348359376,0.6232037916090467,-0.02832666733968496,0.0,1.0,0.0,0.0,0.0,0.0,0.0,0.0,1.0,0.0,0.0,1.0,0.0,0.0,0.0,0.0,1.0,0.0,0.0,1.0,0.0,0.0,1.0,0.0,0.0
0.9388741197907878,-0.48379019539137286,1.4311957969917906,1.0872652332268498,0.9168526028537984,-0.5676462121975469,-1.256996636851602,-0.4126156798422859,1.2668582826259769,-0.2711709265841529,0.6385819129186802,0.6989878654667772,0.7690185473724973,-0.6408867749932371,1.354247695698139,0.4413843004840908,0.8712939987346553,-0.046666553013311705,0.0,0.0,0.0,1.0,0.0,0.0,0.0,0.0,1.0,0.0,0.0,1.0,0.0,0.0,0.0,0.0,0.0,1.0,0.0,0.0,1.0,0.0,0.0,0.0,1.0
0.9388741197907878,0.037214630414721096,1.5461939737926165,1.0992289460037512,0.9168526028537984,-0.5676462121975469,-1.256996636851602,-0.4126156798422859,0.499253500620652,-1.2350201879770537,-0.07931185746654404,0.6989878654667772,0.3188977470746779,-0.35352772890544076,1.397025710374117,0.444426188297163,1.6155646201114808,-0.043152256217636624,0.0,0.0,0.0,1.0,0.0,0.0,0.0,0.0,1.0,0.0,0.0,0.0,1.0,0.0,1.0,0.0,0.0,0.0,0.0,1.0,0.0,0.0,1.0,0.0,0.0
0.9388741197907878,0.037214630414721096,1.5461939737926165,1.0992289460037512,0.9168526028537984,-0.5676462121975469,-1.256996636851602,-0.4126156798422859,0.499253500620652,-1.2350201879770537,0.6385819129186802,1.7092658734491226,0.9977766877983029,-0.3709434286683375,1.0975796076422704,0.35245854302198937,0.9067354568954564,-0.043152256217636624,0.0,0.0,1.0,0.0,0.0,0.0,1.0,0.0,0.0,0.0,1.0,0.0,0.0,0.0,0.0,0.0,0.0,1.0,0.0,0.0,1.0,0.0,0.0,0.0,1.0
0.9388741197907878,0.037214630414721096,1.5461939737926165,1.0992289460037512,0.9168526028537984,-0.5676462121975469,-1.256996636851602,-0.4126156798422859,0.499253500620652,-1.2350201879770537,-0.819126048321546,0.6989878654667772,1.3332419344002508,-0.31869632937964726,1.0975796076422704,0.35245854302198937,1.6155646201114808,-0.043152256217636624,0.0,0.0,1.0,0.0,0.0,0.0,1.0,0.0,0.0,0.0,0.0,0.0,1.0,0.0,1.0,0.0,0.0,0.0,0.0,1.0,0.0,0.0,1.0,0.0,0.0
0.9388741197907878,1.6002291078330029,1.8911885041950942,1.1351200843344555,0.9168526028537984,1.7616606585441108,-1.256996636851602,-0.4126156798422859,-1.2255387882613067,0.9307294434309393,0.6385819129186802,1.0357472014608924,1.803104109968836,-0.6234710752303403,1.2259136516702047,-1.2168683845495698,0.658645249769848,0.0384865410578638,0.0,0.0,0.0,0.0,1.0,0.0,0.0,1.0,0.0,0.0,0.0,0.0,1.0,0.0,0.0,0.0,1.0,0.0,0.0,1.0,0.0,0.0,1.0,0.0,0.0
1.3030991246974015,-1.5257998470035607,-1.5587567998296814,1.147083797111357,0.9168526028537984,-0.5676462121975469,-1.4371500166271143,0.3960963394859219,-0.11631774025366513,1.465625429147336,1.7072024108203496,1.7092658734491226,0.042498542333247964,-0.5102690267715114,0.41313137282662044,-0.397983292022665,0.9421769150562577,0.07726389792954522,0.0,1.0,0.0,0.0,0.0,0.0,0.0,0.0,1.0,0.0,1.0,0.0,0.0,0.0,0.0,0.0,0.0,1.0,0.0,0.0,1.0,0.0,0.0,0.0,1.0
1.3030991246974015,-1.5257998470035607,-1.5587567998296814,1.147083797111357,0.9168526028537984,-0.5676462121975469,-1.4371500166271143,0.3960963394859219,-0.11631774025366513,1.465625429147336,-1.1698527758379913,2.7195438814314685,-0.516475653157637,-0.5189768766529599,1.0120235782903142,-0.34683145676510574,0.6940867079306491,0.07726389792954522,0.0,0.0,0.0,0.0,0.0,1.0,0.0,0.0,0.0,1.0,1.0,0.0,0.0,0.0,0.0,0.0,1.0,0.0,0.0,1.0,0.0,0.0,1.0,0.0,0.0
1.3030991246974015,-1.0047950211974668,-1.4437586230288555,1.1590475098882587,0.9168526028537984,-0.5676462121975469,-1.4371500166271143,0.3960963394859219,0.9929033077539762,0.9307294434309397,0.6385819129186802,1.0357472014608924,0.4695433343675419,-0.40577482819413097,1.1831356369942265,0.5928967280271868,1.3674744129858725,0.09063613687471664,0.0,0.0,1.0,0.0,0.0,0.0,1.0,0.0,0.0,0.0,0.0,1.0,0.0,1.0,0.0,0.0,0.0,0.0,0.0,0.0,1.0,1.0,0.0,0.0,0.0
1.3030991246974015,-0.48379019539137286,-1.3287604462280298,1.1710112226651601,0.9168526028537984,-0.5676462121975469,-1.4371500166271143,0.3960963394859219,1.2668582826259769,-0.2711709265841529,-0.4848396361574339,0.6989878654667772,1.3562598840297169,-0.5712239759416501,0.4559093875025986,-0.260340726606228,0.9776183732170589,0.07259967367435824,0.0,1.0,0.0,0.0,0.0,0.0,0.0,0.0,1.0,0.0,0.0,0.0,1.0,0.0,0.0,0.0,0.0,1.0,0.0,0.0,1.0,0.0,0.0,0.0,1.0
1.3030991246974015,0.558219456220815,-1.098764092626378,1.194938648218963,0.9168526028537984,-0.5676462121975469,-1.4371500166271143,0.3960963394859219,-0.7318889811279818,-1.2350201879770537,1.7072024108203496,0.3622285294726619,0.8148117399793228,-0.5538082761787534,1.4398037250500952,0.431005678493552,0.7295281660914503,0.08278010855753468,1.0,0.0,0.0,0.0,0.0,0.0,0.0,0.0,1.0,0.0,0.0,1.0,0.0,0.0,0.0,0.0,1.0,0.0,0.0,1.0,0.0,0.0,1.0,0.0,0.0
1.3030991246974015,0.558219456220815,-1.098764092626378,1.194938648218963,0.9168526028537984,-0.5676462121975469,-1.4371500166271143,0.3960963394859219,-0.7318889811279818,-1.2350201879770537,-1.1698527758379913,1.0357472014608924,-1.4948325421225341,-0.5102690267715114,1.4398037250500952,0.4519039805305222,1.4029158711466736,0.08278010855753468,0.0,0.0,0.0,1.0,0.0,0.0,0.0,0.0,1.0,0.0,0.0,1.0,0.0,1.0,0.0,0.0,0.0,0.0,0.0,0.0,1.0,1.0,0.0,0.0,0.0
1.3030991246974015,0.558219456220815,-1.098764092626378,1.194938648218963,0.9168526028537984,-0.5676462121975469,-1.4371500166271143,0.3960963394859219,-0.7318889811279818,-1.2350201879770537,-0.07931185746654404,1.0357472014608924,-1.4948325421225341,-0.5102690267715114,1.2259136516702047,0.526592731829652,1.01305983137786,0.08278010855753468,0.0,0.0,1.0,0.0,0.0,0.0,1.0,0.0,0.0,0.0,0.0,1.0,0.0,0.0,0.0,0.0,0.0,1.0,0.0,0.0,1.0,0.0,0.0,0.0,1.0
1.3030991246974015,1.6002291078330029,-0.8687677390247264,1.218866073772766,0.9168526028537984,1.7616606585441108,-1.4371500166271143,0.3960963394859219,-1.2255387882613067,0.9307294434309393,1.7072024108203496,1.0357472014608924,0.04892139472376347,-0.10970793222488628,1.268691666346183,-1.0808359292471847,0.8712939987346553,0.05020152780942373,0.0,0.0,0.0,0.0,1.0,0.0,0.0,1.0,0.0,0.0,0.0,0.0,1.0,0.0,0.0,1.0,0.0,0.0,1.0,0.0,0.0,0.0,0.0,1.0,0.0
1.3030991246974015,-1.5257998470035607,-0.7537695622239005,1.2308297865496673,0.9168526028537984,-0.5676462121975469,-1.4371500166271143,0.3960963394859219,-0.11631774025366513,1.465625429147336,-0.4848396361574339,0.3622285294726619,0.05691184920710006,-0.475437627245718,0.4986874021785767,-0.2174748421537086,0.9067354568954564,0.01856051528335278,0.0,1.0,0.0,0.0,0.0,0.0,0.0,0.0,1.0,0.0,0.0,1.0,0.0,0.0,0.0,1.0,0.0,0.0,1.0,0.0,0.0,0.0,0.0,1.0,0.0
1.3030991246974015,-1.5257998470035607,-0.7537695622239005,1.2308297865496673,0.9168526028537984,-0.5676462121975469,-1.4371500166271143,0.3960963394859219,-0.11631774025366513,1.465625429147336,-1.1698527758379913,0.6989878654667772,1.232808970981415,-0.005213733647505797,1.3114696810221609,-1.1674359523412445,1.0485012895386614,0.01856051528335278,0.0,0.0,0.0,0.0,1.0,0.0,0.0,1.0,0.0,0.0,0.0,1.0,0.0,0.0,0.0,0.0,0.0,1.0,0.0,0.0,1.0,0.0,0.0,0.0,1.0
1.3030991246974015,-1.5257998470035607,-0.7537695622239005,1.2308297865496673,0.9168526028537984,-0.5676462121975469,-1.4371500166271143,0.3960963394859219,-0.11631774025366513,1.465625429147336,-0.819126048321546,1.0357472014608924,0.7663435646068784,0.01220196611539095,1.4825817397260734,0.349100938886857,1.6864475364330833,0.01856051528335278,1.0,0.0,0.0,0.0,0.0,0.0,0.0,0.0,1.0,0.0,0.0,1.0,0.0,0.0,1.0,0.0,0.0,0.0,0.0,1.0,0.0,0.0,1.0,0.0,0.0
1.3030991246974015,-1.5257998470035607,-0.7537695622239005,1.2308297865496673,0.9168526028537984,-0.5676462121975469,-1.4371500166271143,0.3960963394859219,-0.11631774025366513,1.465625429147336,-1.1698527758379913,-0.3112901425155687,-0.8522664730511588,0.5607965086466385,1.268691666346183,0.5480018711830769,1.6864475364330833,0.01856051528335278,0.0,0.0,1.0,0.0,0.0,0.0,1.0,0.0,0.0,0.0,0.0,1.0,0.0,0.0,1.0,0.0,0.0,0.0,0.0,1.0,0.0,0.0,1.0,0.0,0.0
1.3030991246974015,-1.0047950211974668,-0.6387713854230747,1.2427934993265688,0.9168526028537984,-0.5676462121975469,-1.4371500166271143,0.3960963394859219,0.9929033077539762,0.9307294434309397,0.6385819129186802,1.3725065374550074,0.18539741883657684,-0.5886396757045469,0.5414654168545548,-0.25783391354079815,0.9421769150562577,0.045225598408931277,0.0,1.0,0.0,0.0,0.0,0.0,0.0,0.0,1.0,0.0,0.0,1.0,0.0,0.0,0.0,1.0,0.0,0.0,1.0,0.0,0.0,0.0,0.0,1.0,0.0
1.3030991246974015,-1.0047950211974668,-0.6387713854230747,1.2427934993265688,0.9168526028537984,-0.5676462121975469,-1.4371500166271143,0.3960963394859219,0.9929033077539762,0.9307294434309397,1.7072024108203496,0.6989878654667772,-0.5651670762123663,-0.28386492985385375,0.5414654168545548,-0.25783391354079815,0.9421769150562577,0.045225598408931277,0.0,1.0,0.0,0.0,0.0,0.0,0.0,0.0,1.0,0.0,0.0,1.0,0.0,0.0,0.0,1.0,0.0,0.0,1.0,0.0,0.0,0.0,0.0,1.0,0.0
1.3030991246974015,-1.0047950211974668,-0.6387713854230747,1.2427934993265688,0.9168526028537984,-0.5676462121975469,-1.4371500166271143,0.3960963394859219,0.9929033077539762,0.9307294434309397,-0.4848396361574339,0.3622285294726619,-0.5571323953016766,0.1602354141000133,1.4825817397260734,0.39133924351529575,1.4383573293074747,0.045225598408931277,0.0,0.0,0.0,1.0,0.0,0.0,0.0,0.0,1.0,0.0,0.0,0.0,1.0,1.0,0.0,0.0,0.0,0.0,0.0,0.0,1.0,1.0,0.0,0.0,0.0
1.3030991246974015,-1.0047950211974668,-0.6387713854230747,1.2427934993265688,0.9168526028537984,-0.5676462121975469,-1.4371500166271143,0.3960963394859219,0.9929033077539762,0.9307294434309397,1.7072024108203496,1.7092658734491226,-0.670938107216075,-0.41448267807557937,1.0548015929662922,-0.4043678874387143,0.9421769150562577,0.045225598408931277,0.0,0.0,0.0,0.0,0.0,1.0,0.0,0.0,0.0,1.0,0.0,1.0,0.0,0.0,0.0,1.0,0.0,0.0,1.0,0.0,0.0,0.0,0.0,1.0,0.0
1.3030991246974015,0.037214630414721096,-0.40877503182142294,1.2667209248803717,0.9168526028537984,-0.5676462121975469,-1.4371500166271143,0.3960963394859219,0.499253500620652,-1.2350201879770537,-0.819126048321546,0.025469193478546592,0.1295398243775251,-0.37965127854978586,1.3114696810221609,0.5704477166822612,1.7573304527546858,-0.003737023088336914,0.0,0.0,1.0,0.0,0.0,0.0,1.0,0.0,0.0,0.0,0.0,0.0,1.0,0.0,1.0,0.0,0.0,0.0,0.0,1.0,0.0,0.0,1.0,0.0,0.0
1.3030991246974015,0.558219456220815,-0.2937768550205971,1.2786846376572731,0.9168526028537984,-0.5676462121975469,-1.4371500166271143,0.3960963394859219,-0.7318889811279818,-1.2350201879770537,-1.1698527758379913,1.0357472014608924,0.6657643910311093,-0.3012806296167505,1.5253597544020514,0.31284341179630343,1.0485012895386614,0.03355718113269006,1.0,0.0,0.0,0.0,0.0,0.0,0.0,0.0,1.0,0.0,0.0,1.0,0.0,0.0,0.0,1.0,0.0,0.0,1.0,0.0,0.0,0.0,0.0,1.0,0.0
1.3030991246974015,1.079224282026909,-0.17877867821977125,1.2906483504341748,0.9168526028537984,1.7616606585441108,-1.4371500166271143,0.3960963394859219,-1.4994937631333074,-0.27117092658415326,-1.1698527758379913,1.0357472014608924,0.1423393803492863,-0.44060622771992447,1.354247695698139,-1.0369338807811395,1.0839427476994625,-0.004080905202441614,0.0,0.0,0.0,0.0,1.0,0.0,0.0,1.0,0.0,0.0,1.0,0.0,0.0,0.0,0.0,1.0,0.0,0.0,1.0,0.0,0.0,0.0,0.0,1.0,0.0
1.3030991246974015,1.079224282026909,-0.17877867821977125,1.2906483504341748,0.9168526028537984,1.7616606585441108,-1.4371500166271143,0.3960963394859219,-1.4994937631333074,-0.27117092658415326,-0.07931185746654404,0.025469193478546592,0.2672066903797728,-0.2403256804466119,1.354247695698139,-1.0369338807811395,1.0839427476994625,-0.004080905202441614,0.0,0.0,0.0,0.0,1.0,0.0,0.0,1.0,0.0,0.0,0.0,0.0,1.0,0.0,0.0,0.0,0.0,1.0,0.0,0.0,1.0,0.0,0.0,0.0,1.0
1.3030991246974015,1.6002291078330029,-0.06378050141894541,1.3026120632110763,0.9168526028537984,1.7616606585441108,-1.4371500166271143,0.3960963394859219,-1.2255387882613067,0.9307294434309393,1.7072024108203496,1.0357472014608924,0.45221579605853773,-0.34481987902399236,1.354247695698139,0.6789138181610551,1.473798787468276,-0.004421504432404922,0.0,0.0,1.0,0.0,0.0,0.0,1.0,0.0,0.0,0.0,0.0,0.0,1.0,1.0,0.0,0.0,0.0,0.0,0.0,0.0,1.0,1.0,0.0,0.0,0.0
1.3030991246974015,1.6002291078330029,-0.06378050141894541,1.3026120632110763,0.9168526028537984,1.7616606585441108,-1.4371500166271143,0.3960963394859219,-1.2255387882613067,0.9307294434309393,-1.1698527758379913,1.0357472014608924,1.2787184672127085,-0.38835912843123427,1.5681377690780296,0.1951029637084267,1.792771910915487,-0.004421504432404922,1.0,0.0,0.0,0.0,0.0,0.0,0.0,0.0,1.0,0.0,1.0,0.0,0.0,0.0,1.0,0.0,0.0,0.0,0.0,1.0,0.0,0.0,1.0,0.0,0.0
1.3030991246974015,-1.5257998470035607,0.05121767538188044,1.3145757759879777,0.9168526028537984,-0.5676462121975469,-1.4371500166271143,0.3960963394859219,-0.11631774025366513,1.465625429147336,1.7072024108203496,0.025469193478546592,-0.0035510029738556647,-0.3970669783126826,1.6109157837540078,0.24129372645851294,1.1193842058602639,0.015434725667486411,1.0,0.0,0.0,0.0,0.0,0.0,0.0,0.0,1.0,0.0,1.0,0.0,0.0,0.0,0.0,1.0,0.0,0.0,1.0,0.0,0.0,0.0,0.0,1.0,0.0
1.3030991246974015,-1.5257998470035607,0.05121767538188044,1.3145757759879777,0.9168526028537984,-0.5676462121975469,-1.4371500166271143,0.3960963394859219,-0.11631774025366513,1.465625429147336,-0.4848396361574339,2.046025209443238,0.4008659810113202,-0.5276847265344082,1.6109157837540078,0.24129372645851294,1.1193842058602639,0.015434725667486411,1.0,0.0,0.0,0.0,0.0,0.0,0.0,0.0,1.0,0.0,1.0,0.0,0.0,0.0,0.0,0.0,0.0,1.0,0.0,0.0,1.0,0.0,0.0,0.0,1.0
1.3030991246974015,-0.48379019539137286,0.28121402898353215,1.3385032015417806,0.9168526028537984,-0.5676462121975469,-1.4371500166271143,0.3960963394859219,1.2668582826259769,-0.2711709265841529,-0.819126048321546,1.3725065374550074,0.08043772436880318,-0.4580219274828212,1.696471813105964,0.15343386701590098,1.8282133690762883,-0.011792412252981933,1.0,0.0,0.0,0.0,0.0,0.0,0.0,0.0,1.0,0.0,0.0,1.0,0.0,0.0,1.0,0.0,0.0,0.0,0.0,1.0,0.0,0.0,1.0,0.0,0.0
1.3030991246974015,0.037214630414721096,0.396212205784358,1.350466914318682,0.9168526028537984,-0.5676462121975469,-1.4371500166271143,0.3960963394859219,0.499253500620652,-1.2350201879770537,1.7072024108203496,1.7092658734491226,1.0927732774206762,-0.4493140776013729,1.4398037250500952,-1.0141001906549116,1.154825664021065,-0.0019171590835301096,0.0,0.0,0.0,0.0,1.0,0.0,0.0,1.0,0.0,0.0,0.0,1.0,0.0,0.0,0.0,1.0,0.0,0.0,1.0,0.0,0.0,0.0,0.0,1.0,0.0
1.3030991246974015,0.037214630414721096,0.396212205784358,1.350466914318682,0.9168526028537984,-0.5676462121975469,-1.4371500166271143,0.3960963394859219,0.499253500620652,-1.2350201879770537,-0.07931185746654404,0.3622285294726619,0.7962849371316447,-0.5886396757045469,0.627021446206511,-0.339345511778548,1.154825664021065,-0.0019171590835301096,0.0,1.0,0.0,0.0,0.0,0.0,0.0,0.0,1.0,0.0,0.0,0.0,1.0,0.0,0.0,0.0,0.0,1.0,0.0,0.0,1.0,0.0,0.0,0.0,1.0
1.3030991246974015,0.558219456220815,0.5112103825851838,1.3624306270955835,0.9168526028537984,-0.5676462121975469,-1.4371500166271143,0.3960963394859219,-0.7318889811279818,-1.2350201879770537,-0.4848396361574339,2.046025209443238,1.3959089094892372,-0.4580219274828212,1.0975796076422704,-0.36610857202240826,1.1902671221818661,0.03765083841014236,0.0,0.0,0.0,0.0,0.0,1.0,0.0,0.0,0.0,1.0,1.0,0.0,0.0,0.0,0.0,1.0,0.0,0.0,1.0,0.0,0.0,0.0,0.0,1.0,0.0
1.3030991246974015,1.079224282026909,0.6262085593860097,1.374394339872485,0.9168526028537984,1.7616606585441108,-1.4371500166271143,0.3960963394859219,-1.4994937631333074,-0.27117092658415326,0.6385819129186802,2.382784545437353,1.5813978785282208,-0.6408867749932371,1.7392498277819421,0.18108543293331406,1.1902671221818661,0.060614146592382935,1.0,0.0,0.0,0.0,0.0,0.0,0.0,0.0,1.0,0.0,1.0,0.0,0.0,0.0,0.0,0.0,0.0,1.0,0.0,0.0,1.0,0.0,0.0,0.0,1.0
1.3030991246974015,1.6002291078330029,0.7412067361868355,1.3863580526493864,0.9168526028537984,1.7616606585441108,-1.4371500166271143,0.3960963394859219,-1.2255387882613067,0.9307294434309393,-0.4848396361574339,0.6989878654667772,-1.1210864715887239,-0.31869632937964726,1.1403576223182486,-0.2808466907120121,1.2257085803426675,0.08347014959620035,0.0,0.0,0.0,0.0,0.0,1.0,0.0,0.0,0.0,1.0,1.0,0.0,0.0,0.0,0.0,0.0,0.0,1.0,0.0,0.0,1.0,0.0,0.0,0.0,1.0
1.3030991246974015,-1.5257998470035607,0.8562049129876613,1.3983217654262878,0.9168526028537984,-0.5676462121975469,-1.4371500166271143,0.3960963394859219,-0.11631774025366513,1.465625429147336,-0.819126048321546,2.046025209443238,-0.49890117372291126,-0.5363925764158566,1.5253597544020514,0.2737540877589684,1.2257085803426675,0.07979690083481607,0.0,0.0,0.0,1.0,0.0,0.0,0.0,0.0,1.0,0.0,0.0,1.0,0.0,0.0,0.0,1.0,0.0,0.0,1.0,0.0,0.0,0.0,0.0,1.0,0.0
1.3030991246974015,-1.5257998470035607,0.8562049129876613,1.3983217654262878,0.9168526028537984,-0.5676462121975469,-1.4371500166271143,0.3960963394859219,-0.11631774025366513,1.465625429147336,0.6385819129186802,1.0357472014608924,-0.6688736636123681,-0.21420213080226677,1.4825817397260734,-0.9279632108000812,1.2611500385034686,0.07979690083481607,0.0,0.0,0.0,0.0,1.0,0.0,0.0,1.0,0.0,0.0,0.0,1.0,0.0,0.0,0.0,0.0,0.0,1.0,0.0,0.0,1.0,0.0,0.0,0.0,1.0
1.3030991246974015,-1.0047950211974668,0.9712030897884872,1.4102854782031893,0.9168526028537984,-0.5676462121975469,-1.4371500166271143,0.3960963394859219,0.9929033077539762,0.9307294434309397,0.6385819129186802,0.3622285294726619,-0.17204866604323732,-0.5625161260602017,1.5681377690780296,0.3801202037334216,1.2611500385034686,0.10537664633791553,0.0,0.0,0.0,1.0,0.0,0.0,0.0,0.0,1.0,0.0,0.0,0.0,1.0,0.0,0.0,1.0,0.0,0.0,1.0,0.0,0.0,0.0,0.0,1.0,0.0
1.3030991246974015,-1.0047950211974668,0.9712030897884872,1.4102854782031893,0.9168526028537984,-0.5676462121975469,-1.4371500166271143,0.3960963394859219,0.9929033077539762,0.9307294434309397,-0.819126048321546,2.382784545437353,-0.03965962158893104,-0.6408867749932371,0.6697994608824892,-0.2631193684556715,0.7649696242522516,0.10537664633791553,0.0,1.0,0.0,0.0,0.0,0.0,0.0,0.0,1.0,0.0,0.0,1.0,0.0,0.0,0.0,0.0,1.0,0.0,0.0,1.0,0.0,0.0,1.0,0.0,0.0
1.3030991246974015,-0.48379019539137286,1.086201266589313,1.422249190980091,0.9168526028537984,-0.5676462121975469,-1.4371500166271143,0.3960963394859219,1.2668582826259769,-0.2711709265841529,-0.819126048321546,3.056303217425584,-0.6548987308924084,-0.4493140776013729,1.7820278424579201,0.2459255480009633,0.8004110824130528,0.13072008934214072,1.0,0.0,0.0,0.0,0.0,0.0,0.0,0.0,1.0,0.0,1.0,0.0,0.0,0.0,0.0,0.0,1.0,0.0,0.0,1.0,0.0,0.0,1.0,0.0,0.0
1.3030991246974015,-0.48379019539137286,1.086201266589313,1.422249190980091,0.9168526028537984,-0.5676462121975469,-1.4371500166271143,0.3960963394859219,1.2668582826259769,-0.2711709265841529,-0.819126048321546,1.3725065374550074,0.4858800270236928,-0.5538082761787534,1.5253597544020514,-0.9469658410038522,1.29659149666427,0.13072008934214072,0.0,0.0,0.0,0.0,1.0,0.0,0.0,1.0,0.0,0.0,1.0,0.0,0.0,0.0,0.0,1.0,0.0,0.0,1.0,0.0,0.0,0.0,0.0,1.0,0.0
1.3030991246974015,-0.48379019539137286,1.086201266589313,1.422249190980091,0.9168526028537984,-0.5676462121975469,-1.4371500166271143,0.3960963394859219,1.2668582826259769,-0.2711709265841529,-0.07931185746654404,0.6989878654667772,2.156751837222985,0.44759446018780963,1.397025710374117,0.6837874110957933,1.29659149666427,0.13072008934214072,0.0,0.0,1.0,0.0,0.0,0.0,1.0,0.0,0.0,0.0,0.0,0.0,1.0,0.0,0.0,0.0,0.0,1.0,0.0,0.0,1.0,0.0,0.0,0.0,1.0
1.3030991246974015,-0.48379019539137286,1.086201266589313,1.422249190980091,0.9168526028537984,-0.5676462121975469,-1.4371500166271143,0.3960963394859219,1.2668582826259769,-0.2711709265841529,-0.819126048321546,3.056303217425584,-1.0681500664694932,-0.18807858115792164,1.7820278424579201,0.2459255480009633,1.29659149666427,0.13072008934214072,1.0,0.0,0.0,0.0,0.0,0.0,0.0,0.0,1.0,0.0,1.0,0.0,0.0,0.0,0.0,1.0,0.0,0.0,1.0,0.0,0.0,0.0,0.0,1.0,0.0
1.3030991246974015,-0.48379019539137286,1.086201266589313,1.422249190980091,0.9168526028537984,-0.5676462121975469,-1.4371500166271143,0.3960963394859219,1.2668582826259769,-0.2711709265841529,1.7072024108203496,2.046025209443238,-0.8220762342378719,-0.29257277973530216,1.397025710374117,0.6837874110957933,1.29659149666427,0.13072008934214072,0.0,0.0,1.0,0.0,0.0,0.0,1.0,0.0,0.0,0.0,0.0,0.0,1.0,0.0,0.0,0.0,0.0,1.0,0.0,0.0,1.0,0.0,0.0,0.0,1.0
1.3030991246974015,-0.48379019539137286,1.086201266589313,1.422249190980091,0.9168526028537984,-0.5676462121975469,-1.4371500166271143,0.3960963394859219,1.2668582826259769,-0.2711709265841529,-0.819126048321546,1.7092658734491226,-1.3660109763311692,-0.4841454771271664,0.7125774755584673,-0.16653389128892862,0.8004110824130528,0.13072008934214072,0.0,1.0,0.0,0.0,0.0,0.0,0.0,0.0,1.0,0.0,0.0,1.0,0.0,0.0,0.0,0.0,1.0,0.0,0.0,1.0,0.0,0.0,1.0,0.0,0.0
1.3030991246974015,0.037214630414721096,1.201199443390139,1.4342129037569924,0.9168526028537984,-0.5676462121975469,-1.4371500166271143,0.3960963394859219,0.499253500620652,-1.2350201879770537,-0.4848396361574339,0.3622285294726619,-0.1699453779535546,0.16894326398146167,1.1831356369942265,-0.28908362195931564,0.8712939987346553,0.11499205357913077,0.0,0.0,0.0,0.0,0.0,1.0,0.0,0.0,0.0,1.0,0.0,0.0,1.0,0.0,0.0,0.0,1.0,0.0,0.0,1.0,0.0,0.0,1.0,0.0,0.0
1.3030991246974015,0.037214630414721096,1.201199443390139,1.4342129037569924,0.9168526028537984,-0.5676462121975469,-1.4371500166271143,0.3960963394859219,0.499253500620652,-1.2350201879770537,-0.819126048321546,0.6989878654667772,0.12493585048536193,0.003494116233942577,0.7553554902344454,-0.2853006131366199,1.3674744129858725,0.11499205357913077,0.0,1.0,0.0,0.0,0.0,0.0,0.0,0.0,1.0,0.0,0.0,0.0,1.0,0.0,0.0,1.0,0.0,0.0,1.0,0.0,0.0,0.0,0.0,1.0,0.0
1.3030991246974015,0.558219456220815,1.3161976201909649,1.4461766165338938,0.9168526028537984,-0.5676462121975469,-1.4371500166271143,0.3960963394859219,-0.7318889811279818,-1.2350201879770537,-0.4848396361574339,0.6989878654667772,-0.09170087097445716,-0.49285332700861473,1.4825817397260734,0.7462593586625197,0.9067354568954564,0.15910992831222523,0.0,0.0,1.0,0.0,0.0,0.0,1.0,0.0,0.0,0.0,0.0,1.0,0.0,0.0,0.0,0.0,1.0,0.0,0.0,1.0,0.0,0.0,1.0,0.0,0.0
1.3030991246974015,0.558219456220815,1.3161976201909649,1.4461766165338938,0.9168526028537984,-0.5676462121975469,-1.4371500166271143,0.3960963394859219,-0.7318889811279818,-1.2350201879770537,-0.819126048321546,1.7092658734491226,0.40950191503157074,-0.6321789251117887,1.8675838718098765,0.21934225015485784,1.4029158711466736,0.15910992831222523,1.0,0.0,0.0,0.0,0.0,0.0,0.0,0.0,1.0,0.0,1.0,0.0,0.0,0.0,0.0,1.0,0.0,0.0,1.0,0.0,0.0,0.0,0.0,1.0,0.0
1.3030991246974015,0.558219456220815,1.3161976201909649,1.4461766165338938,0.9168526028537984,-0.5676462121975469,-1.4371500166271143,0.3960963394859219,-0.7318889811279818,-1.2350201879770537,0.6385819129186802,0.025469193478546592,1.8221244752695351,0.16894326398146167,0.7981335049104236,-0.21644625463434625,1.3674744129858725,0.15910992831222523,0.0,1.0,0.0,0.0,0.0,0.0,0.0,0.0,1.0,0.0,1.0,0.0,0.0,0.0,0.0,0.0,0.0,1.0,0.0,0.0,1.0,0.0,0.0,0.0,1.0
1.3030991246974015,1.079224282026909,1.4311957969917906,1.4581403293107953,0.9168526028537984,1.7616606585441108,-1.4371500166271143,0.3960963394859219,-1.4994937631333074,-0.27117092658415326,0.6385819129186802,0.6989878654667772,-0.09899660921516194,-0.6147632253488919,1.5253597544020514,0.6420516808945708,1.8636548272370894,0.12242135287683552,0.0,0.0,1.0,0.0,0.0,0.0,1.0,0.0,0.0,0.0,0.0,0.0,1.0,0.0,1.0,0.0,0.0,0.0,0.0,1.0,0.0,0.0,1.0,0.0,0.0
1.3030991246974015,1.079224282026909,1.4311957969917906,1.4581403293107953,0.9168526028537984,1.7616606585441108,-1.4371500166271143,0.3960963394859219,-1.4994937631333074,-0.27117092658415326,0.6385819129186802,2.046025209443238,-2.1456906931641795,-0.35352772890544076,1.5253597544020514,0.6420516808945708,1.4383573293074747,0.12242135287683552,0.0,0.0,1.0,0.0,0.0,0.0,1.0,0.0,0.0,0.0,1.0,0.0,0.0,0.0,0.0,1.0,0.0,0.0,1.0,0.0,0.0,0.0,0.0,1.0,0.0
1.3030991246974015,1.079224282026909,1.4311957969917906,1.4581403293107953,0.9168526028537984,1.7616606585441108,-1.4371500166271143,0.3960963394859219,-1.4994937631333074,-0.27117092658415326,-0.819126048321546,1.0357472014608924,-0.5577910511342555,-0.6408867749932371,1.6109157837540078,0.3841983015050984,1.4029158711466736,0.12242135287683552,0.0,0.0,0.0,1.0,0.0,0.0,0.0,0.0,1.0,0.0,0.0,1.0,0.0,0.0,0.0,0.0,0.0,1.0,0.0,0.0,1.0,0.0,0.0,0.0,1.0
1.3030991246974015,1.6002291078330029,1.5461939737926165,1.4701040420876967,0.9168526028537984,1.7616606585441108,-1.4371500166271143,0.3960963394859219,-1.2255387882613067,0.9307294434309393,-0.4848396361574339,1.3725065374550074,0.5737588987917603,-0.475437627245718,1.9103618864858545,0.2036846115299917,0.9421769150562577,0.08622524154125005,1.0,0.0,0.0,0.0,0.0,0.0,0.0,0.0,1.0,0.0,0.0,1.0,0.0,0.0,0.0,0.0,1.0,0.0,0.0,1.0,0.0,0.0,1.0,0.0,0.0
1.3030991246974015,-1.0047950211974668,1.776190327394268,1.4940314676414996,0.9168526028537984,-0.5676462121975469,-1.4371500166271143,0.3960963394859219,0.9929033077539762,0.9307294434309397,0.6385819129186802,1.0357472014608924,-0.2527867511184902,-0.4667297773642696,1.5681377690780296,-0.9484389153579305,1.4383573293074747,0.09535267388511688,0.0,0.0,0.0,0.0,1.0,0.0,0.0,1.0,0.0,0.0,0.0,1.0,0.0,0.0,0.0,0.0,0.0,1.0,0.0,0.0,1.0,0.0,0.0,0.0,1.0
1.6673241296040153,-0.48379019539137286,-1.5587567998296814,1.505995180418401,2.0079072002498184,-0.5676462121975469,-1.2569966368516021,1.2048083588141298,1.2668582826259769,-0.2711709265841529,-0.4848396361574339,0.6989878654667772,0.1178171400846199,0.36922381125477427,1.9531399011618327,0.2267030776373454,0.9776183732170589,0.07919371009100927,1.0,0.0,0.0,0.0,0.0,0.0,0.0,0.0,1.0,0.0,0.0,1.0,0.0,0.0,0.0,0.0,1.0,0.0,0.0,1.0,0.0,0.0,1.0,0.0,0.0
1.6673241296040153,0.037214630414721096,-1.4437586230288555,1.5179588931953025,2.0079072002498184,-0.5676462121975469,-1.2569966368516021,1.2048083588141298,0.499253500620652,-1.2350201879770537,-0.07931185746654404,1.7092658734491226,0.6680350027650493,-0.6147632253488919,0.8409115195864016,-0.23018590519559878,1.5092402456290772,0.11348583947493722,0.0,1.0,0.0,0.0,0.0,0.0,0.0,0.0,1.0,0.0,0.0,1.0,0.0,1.0,0.0,0.0,0.0,0.0,0.0,0.0,1.0,1.0,0.0,0.0,0.0
1.6673241296040153,0.558219456220815,-1.3287604462280298,1.529922605972204,2.0079072002498184,-0.5676462121975469,-1.2569966368516021,1.2048083588141298,-0.7318889811279818,-1.2350201879770537,-0.4848396361574339,1.3725065374550074,-0.2752581688283092,-0.3012806296167505,1.6536937984299858,0.3882431518015728,1.473798787468276,0.14134245110036456,0.0,0.0,0.0,1.0,0.0,0.0,0.0,0.0,1.0,0.0,1.0,0.0,0.0,0.0,0.0,1.0,0.0,0.0,1.0,0.0,0.0,0.0,0.0,1.0,0.0
1.6673241296040153,0.558219456220815,-1.3287604462280298,1.529922605972204,2.0079072002498184,-0.5676462121975469,-1.2569966368516021,1.2048083588141298,-0.7318889811279818,-1.2350201879770537,-0.819126048321546,1.3725065374550074,0.10620460247361531,-0.4667297773642696,1.6109157837540078,-0.9867802710013894,1.473798787468276,0.14134245110036456,0.0,0.0,0.0,0.0,1.0,0.0,0.0,1.0,0.0,0.0,0.0,1.0,0.0,0.0,0.0,1.0,0.0,0.0,1.0,0.0,0.0,0.0,0.0,1.0,0.0
1.6673241296040153,0.558219456220815,-1.3287604462280298,1.529922605972204,2.0079072002498184,-0.5676462121975469,-1.2569966368516021,1.2048083588141298,-0.7318889811279818,-1.2350201879770537,0.6385819129186802,1.3725065374550074,0.10620460247361531,-0.4667297773642696,1.6109157837540078,-0.9867802710013894,1.5446817037898786,0.14134245110036456,0.0,0.0,0.0,0.0,1.0,0.0,0.0,1.0,0.0,0.0,0.0,1.0,0.0,1.0,0.0,0.0,0.0,0.0,0.0,0.0,1.0,1.0,0.0,0.0,0.0
1.6673241296040153,1.079224282026909,-1.2137622694272039,1.5418863187491054,2.0079072002498184,1.7616606585441108,-1.2569966368516021,1.2048083588141298,-1.4994937631333074,-0.27117092658415326,1.7072024108203496,2.046025209443238,1.3258952393346,-0.5102690267715114,0.8836895342623797,-0.11561550988875995,1.5801231619506797,0.12430517728818469,0.0,1.0,0.0,0.0,0.0,0.0,0.0,0.0,1.0,0.0,0.0,1.0,0.0,1.0,0.0,0.0,0.0,0.0,0.0,0.0,1.0,1.0,0.0,0.0,0.0
1.6673241296040153,1.079224282026909,-1.2137622694272039,1.5418863187491054,2.0079072002498184,1.7616606585441108,-1.2569966368516021,1.2048083588141298,-1.4994937631333074,-0.27117092658415326,1.7072024108203496,1.0357472014608924,-1.0740118285415317,-0.5363925764158566,0.8836895342623797,-0.11561550988875995,1.5801231619506797,0.12430517728818469,0.0,1.0,0.0,0.0,0.0,0.0,0.0,0.0,1.0,0.0,1.0,0.0,0.0,1.0,0.0,0.0,0.0,0.0,0.0,0.0,1.0,1.0,0.0,0.0,0.0
1.6673241296040153,1.079224282026909,-1.2137622694272039,1.5418863187491054,2.0079072002498184,1.7616606585441108,-1.2569966368516021,1.2048083588141298,-1.4994937631333074,-0.27117092658415326,-0.819126048321546,2.7195438814314685,0.2188442787414948,-0.5538082761787534,0.8836895342623797,-0.11561550988875995,1.473798787468276,0.12430517728818469,0.0,1.0,0.0,0.0,0.0,0.0,0.0,0.0,1.0,0.0,0.0,1.0,0.0,0.0,0.0,0.0,0.0,1.0,0.0,0.0,1.0,0.0,0.0,0.0,1.0
1.6673241296040153,-1.0047950211974668,-0.8687677390247264,1.57777745707981,2.0079072002498184,-0.5676462121975469,-1.2569966368516021,1.2048083588141298,0.9929033077539762,0.9307294434309397,-0.4848396361574339,-0.3112901425155687,0.25513891606975225,0.2560217627959454,1.696471813105964,0.3125502541520674,1.5092402456290772,0.10129063737656945,0.0,0.0,0.0,1.0,0.0,0.0,0.0,0.0,1.0,0.0,0.0,0.0,1.0,0.0,0.0,0.0,0.0,1.0,0.0,0.0,1.0,0.0,0.0,0.0,1.0
1.6673241296040153,-1.0047950211974668,-0.8687677390247264,1.57777745707981,2.0079072002498184,-0.5676462121975469,-1.2569966368516021,1.2048083588141298,0.9929033077539762,0.9307294434309397,1.7072024108203496,0.3622285294726619,-1.5366718529586816,-0.12712363198778304,1.0120235782903142,-0.20198574779199285,1.6510060782722822,0.10129063737656945,0.0,1.0,0.0,0.0,0.0,0.0,0.0,0.0,1.0,0.0,0.0,1.0,0.0,1.0,0.0,0.0,0.0,0.0,0.0,0.0,1.0,1.0,0.0,0.0,0.0
1.6673241296040153,-1.0047950211974668,-0.8687677390247264,1.57777745707981,2.0079072002498184,-0.5676462121975469,-1.2569966368516021,1.2048083588141298,0.9929033077539762,0.9307294434309397,-1.1698527758379913,1.0357472014608924,0.7814239867609185,-0.29257277973530216,1.9959179158378109,0.32178757802836433,1.5092402456290772,0.10129063737656945,1.0,0.0,0.0,0.0,0.0,0.0,0.0,0.0,1.0,0.0,0.0,1.0,0.0,0.0,0.0,0.0,0.0,1.0,0.0,0.0,1.0,0.0,0.0,0.0,1.0
1.6673241296040153,-1.0047950211974668,-0.8687677390247264,1.57777745707981,2.0079072002498184,-0.5676462121975469,-1.2569966368516021,1.2048083588141298,0.9929033077539762,0.9307294434309397,-1.1698527758379913,1.3725065374550074,-0.7588258573197745,-0.5189768766529599,1.696471813105964,-0.9488115473650701,1.6510060782722822,0.10129063737656945,0.0,0.0,0.0,0.0,1.0,0.0,0.0,1.0,0.0,0.0,0.0,1.0,0.0,1.0,0.0,0.0,0.0,0.0,0.0,0.0,1.0,1.0,0.0,0.0,0.0
1.6673241296040153,-0.48379019539137286,-0.7537695622239005,1.5897411698567114,2.0079072002498184,-0.5676462121975469,-1.2569966368516021,1.2048083588141298,1.2668582826259769,-0.2711709265841529,1.7072024108203496,2.382784545437353,0.8219877731366261,-0.22290998068371515,1.2259136516702047,-0.18438230996183624,1.7218889945938847,0.17352296422856117,0.0,0.0,0.0,0.0,0.0,1.0,0.0,0.0,0.0,1.0,0.0,0.0,1.0,1.0,0.0,0.0,0.0,0.0,0.0,0.0,1.0,1.0,0.0,0.0,0.0
1.6673241296040153,-0.48379019539137286,-0.7537695622239005,1.5897411698567114,2.0079072002498184,-0.5676462121975469,-1.2569966368516021,1.2048083588141298,1.2668582826259769,-0.2711709265841529,-0.07931185746654404,1.0357472014608924,-0.6517888513692338,0.07315691528552956,1.2259136516702047,-0.18438230996183624,1.5801231619506797,0.17352296422856117,0.0,0.0,0.0,0.0,0.0,1.0,0.0,0.0,0.0,1.0,1.0,0.0,0.0,0.0,0.0,0.0,0.0,1.0,0.0,0.0,1.0,0.0,0.0,0.0,1.0
1.6673241296040153,-0.48379019539137286,-0.7537695622239005,1.5897411698567114,2.0079072002498184,-0.5676462121975469,-1.2569966368516021,1.2048083588141298,1.2668582826259769,-0.2711709265841529,-1.1698527758379913,1.7092658734491226,0.2346461485888024,-0.4667297773642696,1.0548015929662922,-0.06828180796679684,1.5446817037898786,0.17352296422856117,0.0,1.0,0.0,0.0,0.0,0.0,0.0,0.0,1.0,0.0,0.0,1.0,0.0,0.0,0.0,1.0,0.0,0.0,1.0,0.0,0.0,0.0,0.0,1.0,0.0
1.6673241296040153,-0.48379019539137286,-0.7537695622239005,1.5897411698567114,2.0079072002498184,-0.5676462121975469,-1.2569966368516021,1.2048083588141298,1.2668582826259769,-0.2711709265841529,1.7072024108203496,1.3725065374550074,0.6838135378836542,0.20377466350725518,1.2259136516702047,-0.18438230996183624,1.01305983137786,0.17352296422856117,0.0,0.0,0.0,0.0,0.0,1.0,0.0,0.0,0.0,1.0,0.0,0.0,1.0,0.0,0.0,0.0,1.0,0.0,0.0,1.0,0.0,0.0,1.0,0.0,0.0
1.6673241296040153,-0.48379019539137286,-0.7537695622239005,1.5897411698567114,2.0079072002498184,-0.5676462121975469,-1.2569966368516021,1.2048083588141298,1.2668582826259769,-0.2711709265841529,-0.819126048321546,0.6989878654667772,-2.2302280386681033,-0.09229223246198953,2.038695930513789,0.31006359073288775,1.01305983137786,0.17352296422856117,1.0,0.0,0.0,0.0,0.0,0.0,0.0,0.0,1.0,0.0,1.0,0.0,0.0,0.0,0.0,0.0,1.0,0.0,0.0,1.0,0.0,0.0,1.0,0.0,0.0
1.6673241296040153,0.037214630414721096,-0.6387713854230747,1.6017048826336129,2.0079072002498184,-0.5676462121975469,-1.2569966368516021,1.2048083588141298,0.499253500620652,-1.2350201879770537,1.7072024108203496,1.0357472014608924,-1.8803904621241738,-0.6408867749932371,1.354247695698139,-0.10562242739084796,1.8990962853978908,0.23470421441692704,0.0,0.0,0.0,0.0,0.0,1.0,0.0,0.0,0.0,1.0,1.0,0.0,0.0,0.0,1.0,0.0,0.0,0.0,0.0,1.0,0.0,0.0,1.0,0.0,0.0
1.6673241296040153,0.037214630414721096,-0.6387713854230747,1.6017048826336129,2.0079072002498184,-0.5676462121975469,-1.2569966368516021,1.2048083588141298,0.499253500620652,-1.2350201879770537,-1.1698527758379913,1.3725065374550074,-0.8317430279612912,0.4214709105434645,1.0975796076422704,0.061147965073018284,1.7573304527546858,0.23470421441692704,0.0,1.0,0.0,0.0,0.0,0.0,0.0,0.0,1.0,0.0,1.0,0.0,0.0,1.0,0.0,0.0,0.0,0.0,0.0,0.0,1.0,1.0,0.0,0.0,0.0
1.6673241296040153,0.037214630414721096,-0.6387713854230747,1.6017048826336129,2.0079072002498184,-0.5676462121975469,-1.2569966368516021,1.2048083588141298,0.499253500620652,-1.2350201879770537,-0.819126048321546,1.0357472014608924,0.39249188354979553,-0.28386492985385375,1.6109157837540078,0.5074097648665832,1.8990962853978908,0.23470421441692704,0.0,0.0,1.0,0.0,0.0,0.0,1.0,0.0,0.0,0.0,0.0,0.0,1.0,0.0,1.0,0.0,0.0,0.0,0.0,1.0,0.0,0.0,1.0,0.0,0.0
1.6673241296040153,0.037214630414721096,-0.6387713854230747,1.6017048826336129,2.0079072002498184,-0.5676462121975469,-1.2569966368516021,1.2048083588141298,0.499253500620652,-1.2350201879770537,1.7072024108203496,2.7195438814314685,0.8893898382379455,-0.6408867749932371,1.7392498277819421,-0.8869508741581015,1.8990962853978908,0.23470421441692704,0.0,0.0,0.0,0.0,1.0,0.0,0.0,1.0,0.0,0.0,0.0,0.0,1.0,0.0,1.0,0.0,0.0,0.0,0.0,1.0,0.0,0.0,1.0,0.0,0.0
1.6673241296040153,0.037214630414721096,-0.6387713854230747,1.6017048826336129,2.0079072002498184,-0.5676462121975469,-1.2569966368516021,1.2048083588141298,0.499253500620652,-1.2350201879770537,-0.07931185746654404,0.3622285294726619,-0.515685568734524,-0.44060622771992447,2.081473945189767,0.3333051872764656,1.0839427476994625,0.23470421441692704,1.0,0.0,0.0,0.0,0.0,0.0,0.0,0.0,1.0,0.0,1.0,0.0,0.0,0.0,0.0,0.0,1.0,0.0,0.0,1.0,0.0,0.0,1.0,0.0,0.0
1.6673241296040153,0.037214630414721096,-0.6387713854230747,1.6017048826336129,2.0079072002498184,-0.5676462121975469,-1.2569966368516021,1.2048083588141298,0.499253500620652,-1.2350201879770537,-0.4848396361574339,1.7092658734491226,-0.5527793734730191,-0.5973475255859952,1.6109157837540078,0.5074097648665832,1.6155646201114808,0.23470421441692704,0.0,0.0,1.0,0.0,0.0,0.0,1.0,0.0,0.0,0.0,1.0,0.0,0.0,0.0,0.0,0.0,0.0,1.0,0.0,0.0,1.0,0.0,0.0,0.0,1.0
1.6673241296040153,1.6002291078330029,-0.2937768550205971,1.6375960209643172,2.0079072002498184,1.7616606585441108,-1.2569966368516021,1.2048083588141298,-1.2255387882613067,0.9307294434309393,0.6385819129186802,1.3725065374550074,-0.44185155826822914,-0.5451004262973049,1.1403576223182486,0.18648264420710273,1.792771910915487,0.2847967235335918,0.0,1.0,0.0,0.0,0.0,0.0,0.0,0.0,1.0,0.0,0.0,1.0,0.0,1.0,0.0,0.0,0.0,0.0,0.0,0.0,1.0,1.0,0.0,0.0,0.0
1.6673241296040153,1.6002291078330029,-0.2937768550205971,1.6375960209643172,2.0079072002498184,1.7616606585441108,-1.2569966368516021,1.2048083588141298,-1.2255387882613067,0.9307294434309393,1.7072024108203496,2.382784545437353,0.44977726045814526,-0.41448267807557937,1.7820278424579201,-0.772452489765649,2.0054206598802944,0.2847967235335918,0.0,0.0,0.0,0.0,1.0,0.0,0.0,1.0,0.0,0.0,1.0,0.0,0.0,0.0,1.0,0.0,0.0,0.0,0.0,1.0,0.0,0.0,1.0,0.0,0.0
1.6673241296040153,-1.0047950211974668,-0.06378050141894541,1.6615234465181201,2.0079072002498184,-0.5676462121975469,-1.2569966368516021,1.2048083588141298,0.9929033077539762,0.9307294434309397,1.7072024108203496,0.6989878654667772,-0.7456167692536374,-0.5886396757045469,1.1831356369942265,0.26051682642173685,1.8282133690762883,0.2713196458216546,0.0,1.0,0.0,0.0,0.0,0.0,0.0,0.0,1.0,0.0,0.0,1.0,0.0,1.0,0.0,0.0,0.0,0.0,0.0,0.0,1.0,1.0,0.0,0.0,0.0
1.6673241296040153,-1.0047950211974668,-0.06378050141894541,1.6615234465181201,2.0079072002498184,-0.5676462121975469,-1.2569966368516021,1.2048083588141298,0.9929033077539762,0.9307294434309397,0.6385819129186802,0.6989878654667772,-0.7456167692536374,-0.6060553754674436,2.124251959865745,0.28593607401674664,1.6510060782722822,0.2713196458216546,1.0,0.0,0.0,0.0,0.0,0.0,0.0,0.0,1.0,0.0,1.0,0.0,0.0,0.0,0.0,0.0,0.0,1.0,0.0,0.0,1.0,0.0,0.0,0.0,1.0
1.6673241296040153,-1.0047950211974668,-0.06378050141894541,1.6615234465181201,2.0079072002498184,-0.5676462121975469,-1.2569966368516021,1.2048083588141298,0.9929033077539762,0.9307294434309397,1.7072024108203496,0.3622285294726619,-0.1357500542814478,-0.12712363198778304,1.397025710374117,-0.09424017226221393,1.6510060782722822,0.2713196458216546,0.0,0.0,0.0,0.0,0.0,1.0,0.0,0.0,0.0,1.0,1.0,0.0,0.0,0.0,0.0,0.0,0.0,1.0,0.0,0.0,1.0,0.0,0.0,0.0,1.0
1.6673241296040153,-1.0047950211974668,-0.06378050141894541,1.6615234465181201,2.0079072002498184,-0.5676462121975469,-1.2569966368516021,1.2048083588141298,0.9929033077539762,0.9307294434309397,-0.819126048321546,1.0357472014608924,-0.5306491944705628,-0.5015611768900631,1.696471813105964,0.49302198376619355,1.8282133690762883,0.2713196458216546,0.0,0.0,1.0,0.0,0.0,0.0,1.0,0.0,0.0,0.0,0.0,0.0,1.0,1.0,0.0,0.0,0.0,0.0,0.0,0.0,1.0,1.0,0.0,0.0,0.0
1.6673241296040153,-0.48379019539137286,0.05121767538188044,1.6734871592950216,2.0079072002498184,-0.5676462121975469,-1.2569966368516021,1.2048083588141298,1.2668582826259769,-0.2711709265841529,-0.819126048321546,1.7092658734491226,0.6018357451830665,-0.19678643103937002,1.7392498277819421,0.45619725117088544,2.0408621180410957,0.25656087414919193,0.0,0.0,1.0,0.0,0.0,0.0,1.0,0.0,0.0,0.0,1.0,0.0,0.0,0.0,1.0,0.0,0.0,0.0,0.0,1.0,0.0,0.0,1.0,0.0,0.0
1.6673241296040153,0.037214630414721096,0.1662158521827063,1.6854508720719232,2.0079072002498184,-0.5676462121975469,-1.2569966368516021,1.2048083588141298,0.499253500620652,-1.2350201879770537,-0.4848396361574339,-0.3112901425155687,-0.9383054761574054,0.2298982131516003,1.8248058571338983,-0.8688101257804889,1.8990962853978908,0.27065813575203623,0.0,0.0,0.0,0.0,1.0,0.0,0.0,1.0,0.0,0.0,1.0,0.0,0.0,1.0,0.0,0.0,0.0,0.0,0.0,0.0,1.0,1.0,0.0,0.0,0.0
1.6673241296040153,0.037214630414721096,0.1662158521827063,1.6854508720719232,2.0079072002498184,-0.5676462121975469,-1.2569966368516021,1.2048083588141298,0.499253500620652,-1.2350201879770537,-1.1698527758379913,3.393062553419699,-0.8992949769070306,-0.4580219274828212,1.4398037250500952,-0.04272767236560617,1.7218889945938847,0.27065813575203623,0.0,0.0,0.0,0.0,0.0,1.0,0.0,0.0,0.0,1.0,1.0,0.0,0.0,0.0,0.0,0.0,0.0,1.0,0.0,0.0,1.0,0.0,0.0,0.0,1.0
